# doc_file	code_pattern
my-dashboard.md	frontend/src/pages/workspace/WorkspaceDashboardPage.tsx
my-dashboard.md	frontend/src/pages/workspace/**/*.tsx
operations-dashboard.md	frontend/src/pages/DashboardPage.tsx
opex.md	frontend/src/pages/OpexListPage.tsx
opex.md	frontend/src/pages/opex/**/*.tsx
capex.md	frontend/src/pages/CapexPage.tsx
capex.md	frontend/src/pages/capex/**/*.tsx
contracts.md	frontend/src/pages/ContractsPage.tsx
contracts.md	frontend/src/pages/contracts/**/*.tsx
companies.md	frontend/src/pages/CompaniesPage.tsx
companies.md	frontend/src/pages/companies/**/*.tsx
departments.md	frontend/src/pages/DepartmentsPage.tsx
departments.md	frontend/src/pages/departments/**/*.tsx
suppliers.md	frontend/src/pages/SuppliersPage.tsx
suppliers.md	frontend/src/pages/suppliers/**/*.tsx
contacts.md	frontend/src/pages/ContactsPage.tsx
contacts.md	frontend/src/pages/contacts/**/*.tsx
chart-of-accounts.md	frontend/src/pages/coa/CoaPage.tsx
chart-of-accounts.md	frontend/src/pages/coa/**/*.tsx
chart-of-accounts.md	frontend/src/components/ChipToggleBar.tsx
chart-of-accounts.md	frontend/src/pages/accounts/**/*.tsx
currencies.md	frontend/src/pages/operations/CurrencySettingsPage.tsx
budget-operations.md	frontend/src/pages/operations/BudgetOperationsLandingPage.tsx
budget-operations.md	frontend/src/pages/operations/BudgetFreezePage.tsx
budget-operations.md	frontend/src/pages/operations/CopyBudgetColumnsPage.tsx
budget-operations.md	frontend/src/pages/operations/CopyAllocationsPage.tsx
budget-operations.md	frontend/src/pages/operations/BudgetColumnResetPage.tsx
budget-operations.md	frontend/src/pages/operations/AllocationDefaultPage.tsx
budget-operations.md	frontend/src/pages/operations/BudgetColumnsSettingsPage.tsx
business-processes.md	frontend/src/pages/BusinessProcessesPage.tsx
business-processes.md	frontend/src/pages/business-processes/**/*.tsx
analytics.md	frontend/src/pages/AnalyticsCategoriesPage.tsx
analytics.md	frontend/src/pages/analytics/**/*.tsx
analytics.md	frontend/src/components/ChipToggleBar.tsx
applications.md	frontend/src/pages/it/ApplicationsPage.tsx
applications.md	frontend/src/pages/it/ApplicationWorkspacePage.tsx
interfaces.md	frontend/src/pages/it/InterfacesPage.tsx
interfaces.md	frontend/src/pages/it/InterfaceWorkspacePage.tsx
interface-map.md	frontend/src/pages/it/InterfaceMapPage.tsx
connections.md	frontend/src/pages/it/ConnectionsPage.tsx
connections.md	frontend/src/pages/it/ConnectionWorkspacePage.tsx
connection-map.md	frontend/src/pages/it/ConnectionMapPage.tsx
assets.md	frontend/src/pages/it/AssetsPage.tsx
assets.md	frontend/src/pages/it/AssetWorkspacePage.tsx
locations.md	frontend/src/pages/it/LocationsPage.tsx
locations.md	frontend/src/pages/it/LocationWorkspacePage.tsx
it-ops-settings.md	frontend/src/pages/it/ItOperationsSettingsPage.tsx
admin.md	frontend/src/pages/UsersPage.tsx
admin.md	frontend/src/pages/admin/RolesPage.tsx
admin.md	frontend/src/pages/admin/AuditLogsPage.tsx
admin.md	frontend/src/pages/admin/BillingCenter.tsx
admin.md	frontend/src/pages/admin/AdminAuthPage.tsx
branding.md	frontend/src/pages/admin/AdminBrandingPage.tsx
sample-data.md	frontend/src/pages/admin/SampleDataPage.tsx
sample-data.md	frontend/src/pages/admin/sample-data/*.tsx
sample-data.md	frontend/src/pages/admin/sample-data/*.ts
sample-data.md	backend/src/demo-data/*.ts
master-data-operations.md	frontend/src/pages/admin/master-data/**/*.tsx
csv-files.md	frontend/src/components/csv/**/*.tsx
csv-files.md	frontend/src/components/csv/**/*.ts
budget-data-model.md	backend/src/spend/*.entity.ts
budget-data-model.md	backend/src/spend/budget-file/columns.ts
budget-data-model.md	backend/src/budget-columns/budget-columns.util.ts
budget-data-model.md	backend/src/companies/*.entity.ts
budget-data-model.md	backend/src/departments/*.entity.ts
budget-data-model.md	backend/src/accounts/*.entity.ts
budget-data-model.md	backend/src/cost-centers/cost-center.entity.ts
budget-data-model.md	backend/src/suppliers/supplier.entity.ts
budget-data-model.md	backend/src/analytics/*.entity.ts
budget-data-model.md	backend/src/working-day-profiles/working-day-profile.entity.ts
tasks.md	frontend/src/pages/TasksPage.tsx
tasks.md	frontend/src/pages/tasks/TaskWorkspacePage.tsx
portfolio-requests.md	frontend/src/pages/portfolio/RequestsPage.tsx
portfolio-requests.md	frontend/src/pages/portfolio/RequestWorkspacePage.tsx
portfolio-projects.md	frontend/src/pages/portfolio/ProjectsPage.tsx
portfolio-projects.md	frontend/src/pages/portfolio/ProjectWorkspacePage.tsx
portfolio-projects.md	frontend/src/pages/portfolio/components/ProjectTimeline.tsx
portfolio-planning.md	frontend/src/pages/portfolio/PlanningPage.tsx
portfolio-reporting.md	frontend/src/pages/portfolio/ReportsPage.tsx
portfolio-reporting.md	frontend/src/pages/portfolio/FlowReport.tsx
portfolio-reporting.md	frontend/src/pages/portfolio/ByAssigneeReport.tsx
portfolio-reporting.md	frontend/src/pages/portfolio/CapacityHeatmapReport.tsx
portfolio-reporting.md	frontend/src/pages/portfolio/WeeklyReport.tsx
portfolio-settings.md	frontend/src/pages/portfolio/SettingsPage.tsx
portfolio-team-members.md	frontend/src/pages/portfolio/ContributorsPage.tsx
portfolio-team-members.md	frontend/src/pages/portfolio/ContributorWorkspacePage.tsx
portfolio-team-members.md	frontend/src/pages/portfolio/ContributorTimeLog.tsx
portfolio-team-members.md	frontend/src/pages/portfolio/TeamMembersPage.tsx
portfolio-team-members.md	frontend/src/pages/portfolio/TeamMemberWorkspacePage.tsx
knowledge.md	frontend/src/pages/knowledge/KnowledgePage.tsx
knowledge.md	frontend/src/pages/knowledge/KnowledgeWorkspacePage.tsx
reports.md	frontend/src/pages/reports/**/*.tsx
ai-assistant.md	frontend/src/pages/ai/AiWorkspacePage.tsx
ai-assistant.md	frontend/src/ai/**/*.tsx
ai-settings.md	frontend/src/pages/admin/AdminAiPage.tsx
ai-settings.md	frontend/src/pages/admin/IncludedModelConfirmation.tsx
ai-models.md	frontend/src/pages/admin/AdminAiModelsPage.tsx
ai-usage.md	frontend/src/pages/admin/AdminAiUsagePage.tsx
integrations.md	frontend/src/pages/admin/AdminIntegrationsPage.tsx
scheduled-tasks.md	frontend/src/pages/admin/ScheduledTasksPage.tsx
netbox.md	frontend/src/pages/it/NetboxSyncPage.tsx
netbox.md	frontend/src/components/admin/NetboxIntegrationCard.tsx
netbox.md	frontend/src/pages/workspace/tiles/NetboxSyncTile.tsx
netbox.md	backend/src/netbox/**/*.ts
agents-overview.md	frontend/src/pages/agents/AgentsOverviewPage.tsx
agents-overview.md	frontend/src/components/agents/**/*.tsx
agents-workspace.md	frontend/src/pages/agents/AgentWorkspacePage.tsx
agents-workspace.md	frontend/src/pages/agents/useAgentControlData.ts
agents-workspace.md	frontend/src/components/agents/AgentControlBar.tsx
agents-workspace.md	frontend/src/components/agents/AgentStatusStrip.tsx
agents-workspace.md	frontend/src/components/agents/agentRunState.ts
agents-approvals.md	frontend/src/pages/agents/AgentsApprovalsPage.tsx
agents-activity.md	frontend/src/pages/agents/AgentsActivityPage.tsx
agents-activity.md	frontend/src/components/agents/RunTraceDialog.tsx
agents-shared-context.md	frontend/src/pages/agents/SharedContextProfilesPage.tsx
agents-overview.md	frontend/src/components/agents/*.tsx
