email;first_name;last_name;role;company_name;department_name;status
thomas.berger@fromage-co.example;Thomas;Berger;Administrator;Fromage & Co SA;IT & Digital;enabled
sophie.laurent@fromage-co.example;Sophie;Laurent;IT Landscape Administrator;Fromage & Co SA;IT & Digital;enabled
marc.petit@fromage-co.example;Marc;Petit;IT Landscape Member;Fromage & Co SA;IT & Digital;enabled
amelie.rousseau@fromage-co.example;Amélie;Rousseau;IT Landscape Member;Fromage & Co SA;IT & Digital;enabled
pierre.martin@fromage-co.example;Pierre;Martin;IT Landscape Member;Fromage & Co SA;IT & Digital;enabled
lucas.bernard@fromage-co.example;Lucas;Bernard;IT Landscape Member;Fromage & Co SA;IT & Digital;enabled
clara.dupont@fromage-co.example;Clara;Dupont;Portfolio Member;Fromage & Co SA;IT & Digital;enabled
hugo.mercier@fromage-co.example;Hugo;Mercier;IT Landscape Reader;Fromage & Co SA;IT & Digital;enabled
maria.casanova@fromage-co.example;Maria;Casanova;Budget Administrator;Fromage & Co SA;Finance & Controlling;enabled
jacques.dubois@fromage-co.example;Jacques;Dubois;Business Contributor;Fromage & Co SA;Production;enabled
isabelle.moreau@fromage-co.example;Isabelle;Moreau;Portfolio Reader;Fromage & Co SA;Sales & Marketing;enabled
catherine.blanc@fromage-co.example;Catherine;Blanc;Portfolio Reader;Fromage & Co SA;Quality & R&D;enabled
jan.bakker@kaasmeester.example;Jan;Bakker;IT Landscape Member;Kaasmeester BV;IT;enabled
luca.ferrari@formaggio-supremo.example;Luca;Ferrari;IT Landscape Member;Formaggio Supremo SRL;IT;enabled
mike.johnson@fromage-co.example;Mike;Johnson;IT Landscape Member;Fromage & Co Inc.;IT;enabled
nadia.lemaire@fromage-co.example;Nadia;Lemaire;Budget Member;Fromage & Co SA;IT & Digital;enabled
olivier.garnier@fromage-co.example;Olivier;Garnier;Budget Member;Fromage & Co SA;IT & Digital;enabled
ines.chevalier@fromage-co.example;Inès;Chevalier;Budget Member;Fromage & Co SA;IT & Digital;enabled
