name;description;category;supplier_name;editor;criticality;lifecycle;is_suite;version;go_live_date;end_of_support_date;retired_date;external_facing;data_class;contains_pii;status;business_owner_email_1;it_owner_email_1;notes;cyber_criticality;recovery_wave;rto_minutes;rpo_minutes;classification_justification;last_dr_test;data_residency
Microsoft 365;Enterprise productivity suite — Exchange, Teams, SharePoint, OneDrive;SaaS;Microsoft;Microsoft;business_critical;active;true;E3;2019-01-15;;;false;confidential;true;enabled;thomas.berger@fromage-co.example;pierre.martin@fromage-co.example;Group-wide deployment, 2050+ users across all four entities;high;vital;180;60;Mail, files and meetings for the whole group. A long outage stops sales, purchasing and customer service within hours.;2026-03-12;FR,NL
Exchange Online;Cloud email and calendaring for all entities;SaaS;Microsoft;Microsoft;business_critical;active;false;;2019-01-15;;;false;confidential;true;enabled;thomas.berger@fromage-co.example;pierre.martin@fromage-co.example;Part of Microsoft 365 suite;high;vital;180;30;Orders from distributors and suppliers still arrive by email. Restored right after identity.;2026-03-12;FR,NL
Microsoft Teams;Unified communications, chat and video conferencing;SaaS;Microsoft;Microsoft;business_critical;active;false;;2020-03-01;;;false;internal;false;enabled;thomas.berger@fromage-co.example;pierre.martin@fromage-co.example;Replaced Skype for Business — primary internal comms;moderate;priority;180;60;Main internal channel and the crisis room during an incident. Calls can fall back to mobile phones for a few hours.;2026-03-12;FR,NL
SharePoint Online;Intranet, document management and team collaboration;SaaS;Microsoft;Microsoft;high;active;false;;2019-06-01;;;true;confidential;false;enabled;thomas.berger@fromage-co.example;pierre.martin@fromage-co.example;Hosts Le Wiki du Fromage (internal knowledge base);high;priority;;;;;FR,NL
OneDrive for Business;Personal cloud file storage and sync;SaaS;Microsoft;Microsoft;medium;active;false;;2019-06-01;;;false;internal;false;enabled;thomas.berger@fromage-co.example;pierre.martin@fromage-co.example;Part of Microsoft 365 suite;;;;;;;
Zoom Workplace;Video conferencing for external meetings and webinars;SaaS;Zoom Video Communications;Zoom Video Communications;medium;active;false;Business;2020-03-15;;;true;internal;false;enabled;thomas.berger@fromage-co.example;pierre.martin@fromage-co.example;Complement to Teams for customer-facing calls;;;;;;;
Slack;Team messaging and channels;SaaS;Salesforce;Salesforce;low;deprecated;false;Business+;2019-06-01;2026-06-30;;false;internal;false;enabled;thomas.berger@fromage-co.example;pierre.martin@fromage-co.example;Being decommissioned — migrating all channels to Teams;;;;;;;
SAP S/4HANA;Enterprise resource planning — finance, procurement, production planning;COTS;SAP;SAP SE;business_critical;active;false;2023;2018-04-01;2027-12-31;;false;restricted;true;enabled;maria.casanova@fromage-co.example;sophie.laurent@fromage-co.example;Core ERP for HQ — migration to latest version planned (SAP Cheddar);critical;vital;180;15;Finance, purchasing and production planning for the French entity. Production orders stop after half a day without it.;2026-06-04;FR
SAP BW/4HANA;Business intelligence and analytical reporting on SAP data;COTS;SAP;SAP SE;high;active;false;2.0;2020-09-01;2027-12-31;;false;restricted;false;enabled;maria.casanova@fromage-co.example;sophie.laurent@fromage-co.example;Feeds Power BI dashboards for executive reporting;moderate;priority;;;;;FR
SAP Concur;Travel and expense management;SaaS;SAP;SAP SE;medium;active;false;Standard;2022-01-01;;;true;confidential;true;enabled;maria.casanova@fromage-co.example;sophie.laurent@fromage-co.example;Used by all employees for T&E claims;;;;;;;
Sage X3;Accounting and financial management for NL and IT subsidiaries;COTS;Sage;Sage;high;active;false;V12;2020-01-01;2028-06-30;;false;restricted;true;enabled;maria.casanova@fromage-co.example;sophie.laurent@fromage-co.example;Kaasmeester and Formaggio Supremo — under review for SAP consolidation;high;priority;720;240;Accounting for Kaasmeester and Formaggio Supremo. Month-end closing and supplier payments stop without it.;2026-05-13;NL,IT
Coupa Procurement;Cloud procurement and spend management;SaaS;Coupa;Coupa;medium;active;false;R34;2023-03-01;;;true;confidential;false;enabled;maria.casanova@fromage-co.example;sophie.laurent@fromage-co.example;Procure-to-pay for indirect spend;moderate;normal;2880;1440;Indirect purchasing. Urgent orders can be placed directly with suppliers for a few days.;;NL
QuickBooks Online;Cloud accounting for US distribution entity;SaaS;Intuit;Intuit;medium;active;false;Plus;2022-06-01;;;false;restricted;true;enabled;mike.johnson@fromage-co.example;mike.johnson@fromage-co.example;Fromage & Co Inc. only — basic GL + AP/AR;low;normal;2880;1440;Basic ledger for the US entity only. Cyber rated low because the scope is small. To review: it holds payroll and bank data.;2026-05-13;US
Salesforce Sales Cloud;CRM for B2B cheese distribution across Europe;SaaS;Salesforce;Salesforce;high;active;false;Enterprise;2021-09-01;;;true;confidential;true;enabled;isabelle.moreau@fromage-co.example;sophie.laurent@fromage-co.example;350+ active users across European sales teams;high;priority;720;60;Customer accounts, pricing and the order pipeline for European sales. Sales can work from SAP for a day.;2026-06-18;FR,DE
Salesforce Service Cloud;Customer support and case management;SaaS;Salesforce;Salesforce;medium;active;false;Enterprise;2023-01-01;;;true;confidential;true;enabled;isabelle.moreau@fromage-co.example;sophie.laurent@fromage-co.example;60 agents handling B2B and B2C support;moderate;;;;;;FR,DE
HubSpot Marketing Hub;Inbound marketing, email campaigns and lead generation;SaaS;HubSpot;HubSpot;medium;active;false;Professional;2022-06-01;;;true;internal;true;enabled;isabelle.moreau@fromage-co.example;amelie.rousseau@fromage-co.example;Integrated with Salesforce for lead handoff;;;;;;;
Workday HCM;Human capital management, payroll and talent;SaaS;Workday;Workday;high;active;false;2025R1;2025-04-01;;;false;restricted;true;enabled;maria.casanova@fromage-co.example;sophie.laurent@fromage-co.example;Live for FR — NL, IT, US rollout in progress;high;priority;720;240;HR records and French payroll. Payroll can slip a day. Leavers must still be disabled in Okta on time.;2026-02-26;IE,NL
Cornerstone OnDemand;Learning management and talent development;SaaS;;;low;deprecated;false;;2018-01-01;2026-12-31;;false;internal;true;enabled;maria.casanova@fromage-co.example;sophie.laurent@fromage-co.example;Being replaced by Workday Learning module;;;;;;;
ServiceNow ITSM;IT service management — incidents, changes, requests;SaaS;ServiceNow;ServiceNow;high;active;false;Vancouver;2024-01-15;;;false;internal;false;enabled;thomas.berger@fromage-co.example;sophie.laurent@fromage-co.example;Central ITSM for all entities — 15 IT agents;moderate;vital;480;60;The IT team logs and coordinates the recovery here. Needed early, before business applications return.;2026-03-25;NL,IE
Okta Workforce Identity;Identity and access management, SSO and MFA;SaaS;Okta;Okta;business_critical;active;false;OIE;2023-01-15;;;false;restricted;true;enabled;lucas.bernard@fromage-co.example;pierre.martin@fromage-co.example;Central IdP for all SaaS apps — 2050+ users;critical;foundation;60;15;Single sign-on and MFA for every SaaS application. Nobody can log in while it is down, so it is restored first.;2026-04-16;IE
Sophos Intercept X;Endpoint protection, EDR and threat response;SaaS;Sophos;Sophos;high;active;false;Advanced;2021-06-01;;;false;restricted;false;enabled;lucas.bernard@fromage-co.example;pierre.martin@fromage-co.example;2050+ endpoints protected across all sites;high;vital;720;1440;Endpoint protection for 2050 devices. Laptops are not reconnected after an incident until it is back.;2026-01-28;DE
Fortinet FortiGate;Next-gen firewall and network security;COTS;Fortinet;Fortinet;high;active;false;FortiOS 7.4;2021-01-01;;;false;restricted;false;enabled;lucas.bernard@fromage-co.example;pierre.martin@fromage-co.example;Deployed at all 6 sites — HA pairs at Paris DC;critical;foundation;240;1440;Firewalls at every site. All network traffic depends on them. The configuration is backed up daily.;2026-02-19;FR
Tenable.io;Cloud-based vulnerability scanning and assessment;SaaS;;;medium;active;false;;2023-06-01;;;false;internal;false;enabled;lucas.bernard@fromage-co.example;lucas.bernard@fromage-co.example;Quarterly external + continuous internal scanning;;;;;;;
Datadog;Infrastructure monitoring, APM and log management;SaaS;Datadog;Datadog;high;active;false;Enterprise;2022-03-01;;;false;internal;false;enabled;thomas.berger@fromage-co.example;pierre.martin@fromage-co.example;Monitors all production systems, APIs and IoT infra;moderate;vital;480;240;Monitoring and alerts for production systems and the caves. Restored early to confirm that the other systems are healthy.;2026-03-25;DE
PagerDuty;Incident alerting and on-call management;SaaS;;;medium;active;false;Business;2023-03-01;;;false;internal;false;enabled;thomas.berger@fromage-co.example;pierre.martin@fromage-co.example;On-call rotation for IT ops team — integrated with Datadog;low;vital;;;;;
PRTG Network Monitor;On-premise network and bandwidth monitoring;COTS;;;medium;active;false;23.4;2019-01-01;;;false;internal;false;enabled;pierre.martin@fromage-co.example;pierre.martin@fromage-co.example;Monitors WAN links, switches and UPS across all sites;;;;;;;
VMware vSphere;Server virtualization platform;COTS;Broadcom;VMware;business_critical;active;false;8.0;2016-06-01;;;false;restricted;false;enabled;thomas.berger@fromage-co.example;pierre.martin@fromage-co.example;Runs all on-premise VMs — 4 ESXi hosts at Paris, 1 each at Gouda/Parma;critical;foundation;120;60;Hosts every on-premise server, SAP included. Nothing on site restarts without it. The last full failover test is more than a year old and must be repeated.;2025-05-20;FR,NL,IT
Veeam Backup & Replication;Enterprise backup and disaster recovery;COTS;Veeam;Veeam;high;active;false;12.1;2019-03-01;;;false;restricted;false;enabled;thomas.berger@fromage-co.example;pierre.martin@fromage-co.example;Backs up all VMs and critical databases — RPO 4h / RTO 8h;critical;foundation;480;240;Holds the backups used to restore every other system. A compromise would leave nothing to recover from.;2026-04-16;FR
GitHub Enterprise;Source code management and CI/CD;SaaS;Microsoft;GitHub;medium;active;false;Enterprise Cloud;2021-06-01;;;false;confidential;false;enabled;amelie.rousseau@fromage-co.example;amelie.rousseau@fromage-co.example;35 developers — all custom apps (La Boutique, B2B Portal, etc.);high;normal;2880;60;Source code of all custom applications. A leak or tampering would affect the portals, so cyber is high. Developers can wait a few days.;;DE
Jira Software;Agile project management and issue tracking;SaaS;Atlassian;Atlassian;medium;active;false;Cloud Premium;2020-06-01;;;false;internal;false;enabled;thomas.berger@fromage-co.example;amelie.rousseau@fromage-co.example;IT and product teams — 45 active users;;;;;;;
Confluence;Knowledge base and documentation platform;SaaS;Atlassian;Atlassian;medium;active;false;Cloud Premium;2020-06-01;;;false;internal;false;enabled;thomas.berger@fromage-co.example;amelie.rousseau@fromage-co.example;IT runbooks, architecture decisions and project docs;;;;;;;
Figma;Collaborative UI/UX design tool;SaaS;;;medium;active;false;Organization;2022-09-01;;;false;internal;false;enabled;isabelle.moreau@fromage-co.example;amelie.rousseau@fromage-co.example;Used for La Boutique and B2B Portal design;;;;;;;
SonarQube;Static code analysis and quality gates;COTS;;;medium;active;false;Community;2021-09-01;;;false;internal;false;enabled;amelie.rousseau@fromage-co.example;amelie.rousseau@fromage-co.example;Integrated in GitHub CI/CD — scans all custom code;;;;;;;
CaveGuard IoT;Real-time monitoring of cheese aging caves — temperature, humidity, pH;Custom;Schneider Electric;Schneider Electric;high;active;false;1.2-beta;2025-06-01;;;false;internal;false;enabled;jacques.dubois@fromage-co.example;marc.petit@fromage-co.example;Pilot in 2 caves at Paris site — full rollout pending;high;normal;;;;;FR
FroMag;Cheese aging management — batch tracking, turning schedules, maturation curves;COTS;Lactalis Digital;Lactalis Digital;medium;active;false;4.1;2019-11-01;2027-06-30;;false;internal;false;enabled;catherine.blanc@fromage-co.example;sophie.laurent@fromage-co.example;Niche vendor — viability under review, may consolidate into SAP;;;;;;;
CheeseTrack;Cold chain traceability — production to delivery with IoT integration;SaaS;ColdChain Solutions;ColdChain Solutions;business_critical;active;false;3.0;2023-06-01;;;true;confidential;false;enabled;jacques.dubois@fromage-co.example;marc.petit@fromage-co.example;Mandatory for AOP/DOP certification and EU compliance;high;;;;;;FR
QualityLab LIMS;Laboratory information management for cheese quality testing;Custom;;;medium;active;false;2.3;2017-06-01;;;false;confidential;false;enabled;catherine.blanc@fromage-co.example;amelie.rousseau@fromage-co.example;In-house system — tracks all quality tests and certifications;;;;;;;
Power BI;Business intelligence dashboards and self-service analytics;SaaS;Microsoft;Microsoft;medium;active;false;Pro;2021-01-01;;;false;confidential;false;enabled;maria.casanova@fromage-co.example;hugo.mercier@fromage-co.example;Connected to SAP BW, Salesforce and CheeseTrack;moderate;normal;2880;1440;Management dashboards. Reports can wait until source systems are back.;;FR,NL
Snowflake;Cloud data platform for advanced analytics;SaaS;Snowflake;Snowflake;medium;active;false;Enterprise;2025-09-01;;;false;confidential;false;enabled;maria.casanova@fromage-co.example;hugo.mercier@fromage-co.example;Project Fondue pilot — cross-entity data warehouse;;;;;;;
Talend Data Integration;ETL and data integration platform;COTS;;;medium;active;false;8.0;2020-06-01;;;false;internal;false;enabled;hugo.mercier@fromage-co.example;hugo.mercier@fromage-co.example;SAP-to-Salesforce sync, data feeds to Power BI;moderate;priority;1440;240;Carries the SAP to Salesforce sync and the reporting feeds. Restored with the systems it connects.;2026-06-04;FR
La Boutique du Fromage;Direct-to-consumer e-commerce for cheese subscription boxes;Custom;;;medium;proposed;false;0.9-alpha;;;;true;confidential;true;enabled;isabelle.moreau@fromage-co.example;amelie.rousseau@fromage-co.example;Fromage-as-a-Service project — React + Node.js on AWS;;;;;;;
Fromage B2B Portal;Self-service ordering portal for wholesale distributors;Custom;;;medium;active;false;3.2;2021-03-01;;;true;confidential;true;enabled;isabelle.moreau@fromage-co.example;amelie.rousseau@fromage-co.example;500+ active distributor accounts across Europe;high;priority;1440;60;Ordering portal for 500 distributors. Exposed to the internet and holds customer contacts. Orders can go by email for a day.;2026-07-08;FR
Cave Monitoring Dashboard;Real-time cave conditions visualization (Grafana-based);Custom;;;medium;active;false;1.5;2024-03-01;;;false;internal;false;enabled;jacques.dubois@fromage-co.example;marc.petit@fromage-co.example;Custom Grafana dashboards over CaveGuard data;;;;;;;
DocuSign;Electronic signatures for contracts, procurement and HR;SaaS;DocuSign;DocuSign;medium;active;false;Business;2022-09-01;;;true;confidential;true;enabled;maria.casanova@fromage-co.example;sophie.laurent@fromage-co.example;80 envelopes/month — procurement, legal and HR;moderate;normal;2880;240;Electronic signature of contracts and HR documents. Paper signature is the fallback.;;FR,DE
Adobe Acrobat Pro;PDF creation, editing and digital signatures;SaaS;Adobe;Adobe;low;active;false;DC;2018-01-01;;;false;internal;false;enabled;thomas.berger@fromage-co.example;pierre.martin@fromage-co.example;200 licenses across all entities;;;;;;;
Cisco Meraki;Cloud-managed network switches and wireless access points;COTS;Cisco;Cisco;medium;active;false;MR/MS;2021-06-01;;;false;internal;false;enabled;pierre.martin@fromage-co.example;pierre.martin@fromage-co.example;Office networks at Gouda, Parma and New York sites;;;;;;;
Lotus Notes;Legacy email and collaboration platform;Legacy;;;low;retired;false;9.0;2005-01-01;;2023-06-30;false;internal;true;disabled;thomas.berger@fromage-co.example;pierre.martin@fromage-co.example;Fully decommissioned — migrated to Exchange/SharePoint in 2023;;;;;;;
AS/400 Order Management;Legacy order processing for French wholesale channel;Legacy;;;low;deprecated;false;;1998-01-01;2027-06-30;;false;restricted;true;enabled;isabelle.moreau@fromage-co.example;sophie.laurent@fromage-co.example;150 orders/day still processed — SAP Cheddar will absorb this;;;;;;;
Legacy HR System;On-premise HR and payroll (PeopleSoft);Legacy;;;low;deprecated;false;9.2;2008-01-01;2026-09-30;;false;restricted;true;enabled;maria.casanova@fromage-co.example;sophie.laurent@fromage-co.example;Being replaced by Workday — FR payroll still running here;;;;;;;
Old Intranet;PHP-based company intranet;Legacy;;;low;retired;false;;2010-01-01;;2024-12-31;true;internal;false;disabled;thomas.berger@fromage-co.example;pierre.martin@fromage-co.example;Replaced by SharePoint Online — content migrated in 2024;;;;;;;
