item_number;description;ppe_type;investment_type;priority;currency;effective_start;status;disabled_at;notes;company_name;account_number;owner_it_email;owner_business_email;analytics_category;analytics:nature;analytics:reference;analytics:recurrence;cost_center_code;run_build;y_minus1_budget;y_minus1_landing;y_budget;y_follow_up;y_landing;y_revision;y_plus1_budget;y_plus1_revision;y_plus2_budget
;SAP Cheddar Migration — S/4HANA upgrade;software;replacement;mandatory;EUR;2025-07-01;enabled;2027-12-31;Migration from SAP ECC to S/4HANA with cheese industry customizations — 2.5 year program;Fromage & Co SA;205000;lucas.bernard@fromage-co.example;isabelle.moreau@fromage-co.example;ERP;Competence center;REF-SAP-S4;One-off;FR-DIS-200;build;50000;45000;350000;;382000;357000;;;
;Data Center Refresh — Paris DC;hardware;replacement;mandatory;EUR;2026-01-01;enabled;2026-12-31;Server and storage refresh for Paris data center — replace aging ESXi hosts and SAN;Fromage & Co SA;218300;marc.petit@fromage-co.example;thomas.berger@fromage-co.example;Infrastructure;Hardware;;One-off;FR-TRV-400;build;0;0;250000;;260000;253000;;;
;D2C E-commerce Platform — La Boutique;software;business_growth;high;EUR;2025-06-01;disabled;2026-09-30;Fromage-as-a-Service — custom e-commerce platform on AWS (React + Node.js);Fromage & Co SA;205000;amelie.rousseau@fromage-co.example;isabelle.moreau@fromage-co.example;E-commerce;Competence center;REF-ECOM-CDC;One-off;FR-BOU-100;build;80000;90000;120000;;115000;125000;;;
;S/4HANA — capitalized custom development;software;replacement;mandatory;EUR;2026-01-01;enabled;2027-06-30;;Fromage & Co SA;205000;lucas.bernard@fromage-co.example;isabelle.moreau@fromage-co.example;ERP;Competence center;REF-SAP-S4;One-off;FR-DIS-200;build;;;226720;;226720;225000;;;
;S/4HANA — HANA servers;hardware;replacement;mandatory;EUR;2026-01-01;enabled;2026-12-31;;Fromage & Co SA;218300;marc.petit@fromage-co.example;thomas.berger@fromage-co.example;ERP;Hardware;REF-SAP-S4;One-off;FR-TRV-400;build;;;180000;;184000;;;;
;La Boutique — version 2 (subscriptions and marketplace);software;business_growth;high;EUR;2026-01-01;enabled;2027-03-31;;Fromage & Co SA;205000;amelie.rousseau@fromage-co.example;isabelle.moreau@fromage-co.example;E-commerce;Competence center;REF-ECOM-CDC;One-off;FR-BOU-100;build;;;209280;;209280;219000;;;
;Shops — till replacement;hardware;replacement;high;EUR;2026-01-01;enabled;2026-12-31;;Fromage & Co SA;218300;nadia.lemaire@fromage-co.example;isabelle.moreau@fromage-co.example;Retail;Hardware;;One-off;FR-BOU-310;build;;;140000;;126000;141000;;;
;Formaggio — nuove casse punti vendita;hardware;replacement;high;EUR;2026-03-01;enabled;2026-12-31;;Formaggio Supremo SRL;215000;luca.ferrari@formaggio-supremo.example;isabelle.moreau@fromage-co.example;Retail;Hardware;;One-off;IT-BOU-310;build;;;45000;;45000;;;;
;US — warehouse management system;software;business_growth;high;USD;2026-01-01;enabled;2026-12-31;;Fromage & Co Inc.;151000;mike.johnson@fromage-co.example;isabelle.moreau@fromage-co.example;Supply Chain;Licenses and maintenance;;One-off;US-BOU-310;build;;;95000;;109000;;;;
;Kaasmeester — WMS upgrade;software;replacement;high;EUR;2026-01-01;disabled;2026-09-30;;Kaasmeester BV;01100;jan.bakker@kaasmeester.example;isabelle.moreau@fromage-co.example;Supply Chain;Licenses and maintenance;;One-off;NL-DIS-300;build;;;60000;;60000;61000;;;
;CaveGuard — rollout to all 8 caves;hardware;business_growth;high;EUR;2026-01-01;enabled;2026-12-31;;Fromage & Co SA;218300;pierre.martin@fromage-co.example;isabelle.moreau@fromage-co.example;IoT;Hardware;;One-off;FR-DIS-300;build;;;75000;;75000;;;;
;Data platform — build;software;business_growth;high;EUR;2026-01-01;enabled;2026-12-31;;Fromage & Co SA;205000;maria.casanova@fromage-co.example;thomas.berger@fromage-co.example;Analytics;Competence center;REF-DATA;One-off;FR-TRV-700;build;;;340080;;340080;;;;
;Zero Trust — plant network segmentation;hardware;replacement;mandatory;EUR;2026-01-01;enabled;2026-12-31;;Fromage & Co SA;218300;ines.chevalier@fromage-co.example;thomas.berger@fromage-co.example;Security;Hardware;REF-SECU-ZT;One-off;FR-TRV-600;build;;;120000;;126000;121000;;;
;Workstations — plant refresh;hardware;replacement;high;EUR;2026-01-01;enabled;2026-12-31;;Fromage & Co SA;218300;olivier.garnier@fromage-co.example;thomas.berger@fromage-co.example;Workplace;Hardware;;One-off;FR-TRV-500;build;;;85000;;85000;;;;
;Cave and warehouse Wi-Fi network;hardware;replacement;high;EUR;2026-01-01;enabled;2026-12-31;;Fromage & Co SA;218300;marc.petit@fromage-co.example;thomas.berger@fromage-co.example;Network;Hardware;;One-off;FR-TRV-400;build;;;55000;;55000;;;;
