name;status;purpose;origin;source_name;category_name;stream_name;company_name;department_name;planned_start;planned_end;actual_start;actual_end;execution_progress;estimated_effort_it;estimated_effort_business;business_sponsor_email;business_lead_email;it_sponsor_email;it_lead_email
Legacy CRM Decommission;done;Replace fragmented CRM tools (Lotus Notes contacts, Excel trackers) with Salesforce Sales + Service Cloud across European sales teams;standard;IT Modernization;Business Applications;Customer Experience;Fromage & Co SA;IT & Digital;2024-01-15;2025-03-31;2024-02-01;2025-04-15;100;26;16;isabelle.moreau@fromage-co.example;isabelle.moreau@fromage-co.example;thomas.berger@fromage-co.example;sophie.laurent@fromage-co.example
Suivi connecté de l'affinage;done;Installer les capteurs CaveGuard dans les caves d'affinage de Paris pour suivre en temps réel la température, l'humidité et le pH (pilote sur 2 caves);standard;Business Request;Digital Transformation;Cheese Production Excellence;Fromage & Co SA;Production;2024-09-01;2025-06-30;2024-09-15;2025-07-15;100;16;12;jacques.dubois@fromage-co.example;jacques.dubois@fromage-co.example;thomas.berger@fromage-co.example;marc.petit@fromage-co.example
Fromage-as-a-Service;in_progress;Build La Boutique du Fromage — D2C e-commerce platform for cheese subscription boxes on AWS (React + Node.js);standard;Strategic Plan;Digital Transformation;Customer Experience;Fromage & Co SA;Sales & Marketing;2025-06-01;2026-09-30;2025-06-15;;45;22;12;isabelle.moreau@fromage-co.example;isabelle.moreau@fromage-co.example;thomas.berger@fromage-co.example;amelie.rousseau@fromage-co.example
Zero Trust Fromage;in_progress;Implement Zero Trust security architecture — network segmentation, conditional access, endpoint compliance, and MFA everywhere;standard;IT Modernization;Security & Compliance;IT Foundation;Fromage & Co SA;IT & Digital;2025-04-01;2026-06-30;2025-04-15;;35;20;10;thomas.berger@fromage-co.example;lucas.bernard@fromage-co.example;thomas.berger@fromage-co.example;lucas.bernard@fromage-co.example
Workday Global Rollout;in_progress;Extend Workday HCM from France to all subsidiaries — NL, IT and US payroll, talent management and workforce planning;standard;Strategic Plan;Business Applications;IT Foundation;Fromage & Co SA;Human Resources;2025-04-01;2026-12-31;2025-04-01;;30;18;18;maria.casanova@fromage-co.example;maria.casanova@fromage-co.example;thomas.berger@fromage-co.example;sophie.laurent@fromage-co.example
SAP Cheddar Migration;planned;Major S/4HANA upgrade program — migrate from SAP ECC to latest S/4HANA with cheese industry customizations, absorb AS/400 orders;standard;Strategic Plan;Business Applications;IT Foundation;Fromage & Co SA;IT & Digital;2026-07-01;2027-12-31;;;0;28;16;maria.casanova@fromage-co.example;maria.casanova@fromage-co.example;thomas.berger@fromage-co.example;sophie.laurent@fromage-co.example
Digital Cheese Passport;planned;EU regulatory compliance — digital traceability passport for all AOP/DOP products, integrating CheeseTrack and CaveGuard data;standard;Regulatory Compliance;Digital Transformation;Cheese Production Excellence;Fromage & Co SA;Quality & R&D;2026-09-01;2027-06-30;;;0;14;10;catherine.blanc@fromage-co.example;jacques.dubois@fromage-co.example;thomas.berger@fromage-co.example;marc.petit@fromage-co.example
Project Fondue;waiting_list;Cross-entity data warehouse on Snowflake — consolidate SAP, Salesforce, CheeseTrack and IoT data for advanced analytics and AI;standard;Business Request;Data & Analytics;IT Foundation;Fromage & Co SA;Finance & Controlling;2027-01-01;2027-09-30;;;0;18;8;maria.casanova@fromage-co.example;maria.casanova@fromage-co.example;thomas.berger@fromage-co.example;hugo.mercier@fromage-co.example
Territory Planning Cockpit;planned;Standardize sales territory assignment rules and dashboards for key accounts in France and Benelux;standard;Business Request;Business Applications;Customer Experience;Fromage & Co SA;Sales & Marketing;2026-02-01;2026-06-30;;;0;11;9;isabelle.moreau@fromage-co.example;isabelle.moreau@fromage-co.example;maria.casanova@fromage-co.example;maria.casanova@fromage-co.example
Espace contrats fournisseurs;in_progress;Mettre à disposition des acheteurs un espace simple pour suivre les renouvellements de contrats et les engagements des fournisseurs;standard;Business Request;Business Applications;IT Foundation;Fromage & Co SA;Procurement;2025-11-01;2026-05-31;2025-11-15;;40;12;10;maria.casanova@fromage-co.example;maria.casanova@fromage-co.example;isabelle.moreau@fromage-co.example;isabelle.moreau@fromage-co.example
Pricing Rules API Refactor;planned;Refactor pricing rules APIs to improve maintainability, release cadence, and integration test coverage;standard;IT Modernization;Digital Transformation;Customer Experience;Fromage & Co SA;IT & Digital;2026-03-01;2026-08-31;;;0;12;6;amelie.rousseau@fromage-co.example;amelie.rousseau@fromage-co.example;clara.dupont@fromage-co.example;hugo.mercier@fromage-co.example
Customer 360 Data Contracts;in_testing;Formalize data contracts for customer entities between CRM, support tooling, and analytics pipelines;standard;Strategic Plan;Data & Analytics;Customer Experience;Fromage & Co SA;IT & Digital;2025-10-01;2026-02-28;2025-10-10;;70;10;6;hugo.mercier@fromage-co.example;clara.dupont@fromage-co.example;amelie.rousseau@fromage-co.example;jan.bakker@kaasmeester.example
Branch Network Segmentation;planned;Roll out segmentation policies and secure access baselines across branch and warehouse networks;standard;Security & Compliance;Security & Compliance;IT Foundation;Fromage & Co SA;IT & Digital;2026-01-15;2026-07-31;;;0;14;7;thomas.berger@fromage-co.example;lucas.bernard@fromage-co.example;sophie.laurent@fromage-co.example;pierre.martin@fromage-co.example
Endpoint Compliance Automation;in_progress;Automate remediation workflows for endpoint non-compliance and tighten audit evidence collection;standard;IT Modernization;Security & Compliance;IT Foundation;Fromage & Co SA;IT & Digital;2025-12-01;2026-06-30;2025-12-05;;35;13;6;sophie.laurent@fromage-co.example;pierre.martin@fromage-co.example;thomas.berger@fromage-co.example;lucas.bernard@fromage-co.example
Facturation électronique 2026;in_progress;Se conformer à la réforme française de la facturation électronique : raccorder SAP à une plateforme agréée, recevoir les factures fournisseurs dématérialisées et émettre les factures clients au format Factur-X depuis le 1er septembre 2026;standard;Regulatory Compliance;Business Applications;IT Foundation;Fromage & Co SA;Finance & Controlling;2025-09-01;2026-12-31;2025-09-15;;80;12;9;maria.casanova@fromage-co.example;maria.casanova@fromage-co.example;thomas.berger@fromage-co.example;sophie.laurent@fromage-co.example
