axis_code;name;description;status
nature;Licences et maintenance;;enabled
nature;Abonnements SaaS;;enabled
nature;Cloud et hébergement;;enabled
nature;Télécoms et réseau;;enabled
nature;Assistance technique;;enabled
nature;Centre de compétences;;enabled
nature;Infogérance;;enabled
nature;Matériel;;enabled
nature;Conseil et audit;;enabled
nature;Formation;;enabled
nature;Frais et déplacements;;enabled
reference;REF-ECOM-CDC;Centre de compétences e-commerce : squad externalisée, lignes OPEX et CAPEX, fournisseur variable;enabled
reference;REF-SAP-S4;Programme S/4HANA : régie fonctionnelle et technique, matériel et développement capitalisé;enabled
reference;REF-DATA;Plateforme data groupe : licences, hébergement et ingénierie;enabled
reference;REF-SECU-ZT;Programme Zero Trust : audits, outillage et déploiement;enabled
recurrence;Récurrent;;enabled
recurrence;Non récurrent;;enabled
