code;name;description;country;region;status;year;jan;feb;mar;apr;may;jun;jul;aug;sep;oct;nov;dec
FR;France;Standard calendar, public holidays;FR;;enabled;;;;;;;;;;;;;
NL;Netherlands;Standard calendar, public holidays;NL;;enabled;;;;;;;;;;;;;
IT;Italy;Standard calendar, public holidays;IT;;enabled;;;;;;;;;;;;;
US;United States;Standard calendar, public holidays;US;;enabled;;;;;;;;;;;;;
CAD218;218 working days;French managers on a days-based contract: 218 working days a year, leave spread over the year;;;enabled;2025;19.1;17.4;18.2;18.2;16.5;17.4;19.1;17.4;19.1;20;16.5;19.1
CAD218;218 working days;French managers on a days-based contract: 218 working days a year, leave spread over the year;;;enabled;2026;18.2;17.3;19;18.2;14.7;19;19;18.2;19;19;17.3;19.1
CAD218;218 working days;French managers on a days-based contract: 218 working days a year, leave spread over the year;;;enabled;2027;17.2;17.2;18.9;18.9;16.3;18.9;18;18.9;18.9;18;17.2;19.6
SANSCONGES;No leave;Weekdays less public holidays, no leave: services billed per day actually worked;;;enabled;2025;22;20;21;21;19;20;22;20;22;23;19;22
SANSCONGES;No leave;Weekdays less public holidays, no leave: services billed per day actually worked;;;enabled;2026;21;20;22;21;17;22;22;21;22;22;20;22
SANSCONGES;No leave;Weekdays less public holidays, no leave: services billed per day actually worked;;;enabled;2027;20;20;22;22;19;22;21;22;22;21;20;23
