item_type;item_name;year;measure;period_start;period_end;jan;feb;mar;apr;may;jun;jul;aug;sep;oct;nov;dec
opex;Microsoft Enterprise (M365 + Azure + GitHub);2026;actual;2026-01-01;2026-08-31;55713;54299;55206;55288;54489;55639;54589;54207;0;0;0;0
opex;SAP S/4HANA Maintenance;2026;actual;2026-01-01;2026-08-31;22316;23175;23198;22756;22792;23108;22521;23130;0;0;0;0
opex;SAP BW/4HANA License;2026;actual;2026-01-01;2026-08-31;5937;5855;5769;5855;5752;5917;5914;5895;0;0;0;0
opex;Salesforce (Sales + Service Cloud);2026;actual;2026-01-01;2026-08-31;15363;15508;15397;15580;15863;15742;15217;15405;0;0;0;0
opex;ServiceNow ITSM Platform;2026;actual;2026-01-01;2026-08-31;10060;9870;9912;10217;9969;9787;9824;10079;0;0;0;0
opex;Workday HCM;2026;actual;2026-01-01;2026-08-31;13019;12695;12617;13126;13085;12991;13121;12654;0;0;0;0
opex;OVHcloud Infrastructure;2026;actual;2026-01-01;2026-08-31;8063;7639;8009;7623;8015;8035;0;0;0;0;0;0
opex;AWS Cloud Hosting;2026;actual;2026-01-01;2026-08-31;7351;7549;7354;7200;7162;7393;7451;7451;0;0;0;0
opex;Datadog Monitoring;2026;actual;2026-01-01;2026-08-31;4833;4909;4856;4885;4949;4839;5037;4811;0;0;0;0
opex;Okta Workforce Identity;2026;actual;2026-01-01;2026-08-31;3779;3723;3803;3723;3849;3751;3886;3745;0;0;0;0
opex;Sophos Enterprise Security;2026;actual;2026-01-01;2026-08-31;4656;4659;4500;4571;4692;4707;4513;4696;0;0;0;0
opex;VMware vSphere Licensing;2026;actual;2026-01-01;2026-08-31;6552;6699;6550;6880;6737;6744;6864;6512;0;0;0;0
opex;VMware vSphere Licensing;2026;forecast;2026-01-01;2026-12-31;6708.33;6708.33;6708.33;6708.33;6708.33;6708.33;6708.33;6708.33;6708.33;6708.33;6708.33;6708.33
opex;CaveGuard IoT Platform;2026;actual;2026-01-01;2026-08-31;5450;5533;5381;5330;5324;5488;5310;5221;0;0;0;0
opex;CheeseTrack SaaS;2026;actual;2026-01-01;2026-08-31;2250;2226;2336;2347;2316;2331;2277;2342;0;0;0;0
opex;Network & Telecom Services;2026;actual;2026-01-01;2026-08-31;13578;13895;13176;13280;13258;13396;13730;13162;0;0;0;0
opex;IT Staff Augmentation;2026;actual;2026-01-01;2026-08-31;35530;33667;34996;33866;34409;35230;33959;34043;0;0;0;0
opex;IT Staff Augmentation;2026;forecast;2026-01-01;2026-12-31;34541.67;34541.67;34541.67;34541.67;34541.67;34541.67;34541.67;34541.67;34541.67;34541.67;34541.67;34541.67
opex;Managed Services — Axians Infogérance;2026;actual;2026-01-01;2026-08-31;14638;14553;14593;15233;14948;15042;14879;14648;0;0;0;0
opex;Cybersecurity Consulting & Audits;2026;actual;2026-01-01;2026-08-31;6887;6890;6650;6970;6761;6702;6866;6911;0;0;0;0
opex;Cybersecurity Consulting & Audits;2026;forecast;2026-01-01;2026-12-31;6833.33;6833.33;6833.33;6833.33;6833.33;6833.33;6833.33;6833.33;6833.33;6833.33;6833.33;6833.33
opex;Various SaaS Bundle;2026;actual;2026-01-01;2026-08-31;9183;8754;9139;8998;8920;8864;8976;9017;0;0;0;0
opex;Fortinet FortiCare & FortiGuard;2026;actual;2026-01-01;2026-08-31;3252;3249;3405;3418;3398;3433;3252;3406;0;0;0;0
opex;IT Training & Certification;2026;actual;2026-01-01;2026-08-31;3702;3688;3822;3775;3734;3780;3763;3791;0;0;0;0
opex;IT Training & Certification;2026;forecast;2026-01-01;2026-12-31;3666.67;3666.67;3666.67;3666.67;3666.67;3666.67;3666.67;3666.67;3666.67;3666.67;3666.67;3666.67
opex;IT Travel & Events;2026;actual;2026-01-01;2026-08-31;2434;2486;2447;2437;2416;2441;2385;2528;0;0;0;0
opex;IT Travel & Events;2026;forecast;2026-01-01;2026-12-31;2541.67;2541.67;2541.67;2541.67;2541.67;2541.67;2541.67;2541.67;2541.67;2541.67;2541.67;2541.67
opex;Sage X3 Licenties — Kaasmeester;2026;actual;2026-01-01;2026-08-31;3002;2926;2931;2878;2914;2981;2986;2989;0;0;0;0
opex;Sage X3 Licenze — Formaggio Supremo;2026;actual;2026-01-01;2026-08-31;2109;2102;2128;2143;2154;2108;2125;2175;0;0;0;0
opex;Sage X3 Licenze — Formaggio Supremo;2026;forecast;2026-01-01;2026-12-31;2041.67;2041.67;2041.67;2041.67;2041.67;2041.67;2041.67;2041.67;2041.67;2041.67;2041.67;2041.67
opex;US Office IT Services;2026;actual;2026-01-01;2026-08-31;3767;3684;3742;3781;3640;3759;3743;3730;0;0;0;0
opex;US Managed IT Services;2026;actual;2026-01-01;2026-08-31;10229;10080;9923;10023;10027;9814;10182;10066;0;0;0;0
opex;US Telecom & Internet;2026;actual;2026-01-01;2026-08-31;2124;2122;2168;2162;2177;2097;2092;2080;0;0;0;0
opex;Generix EDI Platform;2026;actual;2026-01-01;2026-08-31;7867;7898;7886;8077;8170;7784;8219;8048;0;0;0;0
opex;Fromage B2B Portal hosting;2026;actual;2026-01-01;2026-08-31;3626;3617;3591;3668;3769;3612;3725;3758;0;0;0;0
opex;Fromage B2B Portal hosting;2026;forecast;2026-01-01;2026-12-31;3541.67;3541.67;3541.67;3541.67;3541.67;3541.67;3541.67;3541.67;3541.67;3541.67;3541.67;3541.67
opex;Akeneo PIM;2026;actual;2026-01-01;2026-08-31;4696;4803;4976;4755;4970;4923;4855;4721;0;0;0;0
opex;SAP support externe — Distribution;2026;actual;2026-01-01;2026-08-31;11766;12129;12173;11776;11822;11838;12226;12303;0;0;0;0
opex;Coupa Procurement;2026;actual;2026-01-01;2026-08-31;5109;5157;5188;5098;5052;5086;5109;5304;0;0;0;0
opex;Coupa Procurement;2026;forecast;2026-01-01;2026-12-31;5458.33;5458.33;5458.33;5458.33;5458.33;5458.33;5458.33;5458.33;5458.33;5458.33;5458.33;5458.33
opex;Salesforce CPQ add-on;2026;actual;2026-01-01;2026-08-31;3036;3088;3038;2957;3035;3035;3041;2980;0;0;0;0
opex;Distribution — tests de performance;2026;actual;2026-01-01;2026-08-31;2245;2214;2197;2246;2221;2220;2185;2198;0;0;0;0
opex;Distribution — formation utilisateurs;2026;actual;2026-01-01;2026-08-31;1181;1188;1200;1189;1202;1221;1193;1237;0;0;0;0
opex;Kaasmeester WMS — licenties;2026;actual;2026-01-01;2026-08-31;3486;3517;3459;3481;3460;3477;3414;3443;0;0;0;0
opex;Kaasmeester — KPN connectivity;2026;actual;2026-01-01;2026-08-31;1855;1880;1835;1823;1841;1881;1875;1839;0;0;0;0
opex;Kaasmeester — werkplekbeheer;2026;actual;2026-01-01;2026-08-31;4456;4547;4695;4556;4487;4680;4560;4595;0;0;0;0
opex;Cegid Retail POS;2026;actual;2026-01-01;2026-08-31;6440;6419;6571;6298;6537;6531;6450;6368;0;0;0;0
opex;La Boutique — paiement et fraude;2026;actual;2026-01-01;2026-08-31;5685;5764;5656;5610;5675;5769;5716;5687;0;0;0;0
opex;La Boutique — paiement et fraude;2026;forecast;2026-01-01;2026-12-31;4666.67;4666.67;4666.67;4666.67;4666.67;4666.67;4666.67;4666.67;4666.67;4666.67;4666.67;4666.67
opex;La Boutique — CDN et sécurité applicative;2026;actual;2026-01-01;2026-08-31;2693;2675;2802;2668;2764;2710;2681;2805;0;0;0;0
opex;La Boutique — CDN et sécurité applicative;2026;forecast;2026-01-01;2026-12-31;2500;2500;2500;2500;2500;2500;2500;2500;2500;2500;2500;2500
opex;La Boutique — emailing et CRM abonnés;2026;actual;2026-01-01;2026-08-31;2147;2104;2188;2208;2174;2119;2199;2144;0;0;0;0
opex;Boutiques — connectivité 4G de secours;2026;actual;2026-01-01;2026-08-31;1614;1538;1595;1617;1602;1623;1555;1629;0;0;0;0
opex;Boutiques — maintenance des caisses et imprimantes;2026;actual;2026-01-01;2026-08-31;2819;2758;2704;2681;2724;2668;2797;2784;0;0;0;0
opex;E-commerce — UX research et tests utilisateurs;2026;actual;2026-01-01;2026-08-31;2300;2402;2290;2366;2390;2285;2356;2340;0;0;0;0
opex;E-commerce — photos et contenus produits;2026;actual;2026-01-01;2026-08-31;2130;2187;2101;2156;2167;2129;2111;2134;0;0;0;0
opex;Formaggio — software punti vendita;2026;actual;2026-01-01;2026-08-31;2520;2521;2523;2658;2514;2524;2599;2584;0;0;0;0
opex;Formaggio — connettività TIM;2026;actual;2026-01-01;2026-08-31;1421;1434;1447;1413;1437;1446;1448;1415;0;0;0;0
opex;Formaggio — assistenza IT;2026;actual;2026-01-01;2026-08-31;3934;3816;3797;3749;3815;3797;3721;3735;0;0;0;0
opex;US e-commerce — Shopify Plus;2026;actual;2026-01-01;2026-08-31;4417;4453;4444;4347;4431;4317;4250;4254;0;0;0;0
opex;US e-commerce — AWS hosting;2026;actual;2026-01-01;2026-08-31;3257;3347;3281;3208;3247;3367;3301;3236;0;0;0;0
opex;US e-commerce — AWS hosting;2026;forecast;2026-01-01;2026-12-31;3041.67;3041.67;3041.67;3041.67;3041.67;3041.67;3041.67;3041.67;3041.67;3041.67;3041.67;3041.67
opex;US — Verizon connectivity;2026;actual;2026-01-01;2026-08-31;1730;1716;1725;1743;1706;1755;1772;1720;0;0;0;0
opex;Paris DC — colocation et énergie;2026;actual;2026-01-01;2026-08-31;18369;18112;18282;17762;17789;18125;17922;18042;0;0;0;0
opex;Paris DC — colocation et énergie;2026;forecast;2026-01-01;2026-12-31;17791.67;17791.67;17791.67;17791.67;17791.67;17791.67;17791.67;17791.67;17791.67;17791.67;17791.67;17791.67
opex;Veeam Backup & Replication;2026;actual;2026-01-01;2026-08-31;3248;3108;3261;3127;3193;3239;3220;3202;0;0;0;0
opex;Cisco Meraki — réseau des sites;2026;actual;2026-01-01;2026-08-31;6017;6145;5986;6050;5980;5909;5844;5860;0;0;0;0
opex;Cisco Meraki — réseau des sites;2026;forecast;2026-01-01;2026-12-31;5958.33;5958.33;5958.33;5958.33;5958.33;5958.33;5958.33;5958.33;5958.33;5958.33;5958.33;5958.33
opex;Orange Business — WAN groupe;2026;actual;2026-01-01;2026-08-31;13514;13798;13055;13716;13690;13624;13808;13111;0;0;0;0
opex;Orange Business — WAN groupe;2026;forecast;2026-01-01;2026-12-31;13500;13500;13500;13500;13500;13500;13500;13500;13500;13500;13500;13500
opex;Serveurs et stockage — maintenance constructeur;2026;actual;2026-01-01;2026-08-31;3855;3845;3839;3940;3886;3886;3906;3738;0;0;0;0
opex;Azure — consommation data;2026;actual;2026-01-01;2026-08-31;8766;8901;8842;8710;9110;8947;9050;8780;0;0;0;0
opex;Snowflake;2026;actual;2026-01-01;2026-08-31;8655;8268;8174;8209;8166;8604;8492;8336;0;0;0;0
opex;Talend Data Integration;2026;actual;2026-01-01;2026-08-31;3434;3511;3598;3541;3533;3530;3454;3562;0;0;0;0
opex;Power BI Premium;2026;actual;2026-01-01;2026-08-31;4860;5141;4873;4962;4862;4852;5017;4886;0;0;0;0
opex;Power BI Premium;2026;forecast;2026-01-01;2026-12-31;5000;5000;5000;5000;5000;5000;5000;5000;5000;5000;5000;5000
opex;Postes de travail — location;2026;actual;2026-01-01;2026-08-31;15256;15747;15402;15649;15140;15367;15863;15884;0;0;0;0
opex;Postes de travail — location;2026;forecast;2026-01-01;2026-12-31;15875;15875;15875;15875;15875;15875;15875;15875;15875;15875;15875;15875
opex;Impression — contrat de pages;2026;actual;2026-01-01;2026-08-31;2585;2676;2644;2608;2701;2588;2546;2586;0;0;0;0
opex;Téléphonie mobile;2026;actual;2026-01-01;2026-08-31;7930;8372;8098;8298;8134;7962;7977;8178;0;0;0;0
opex;Centre de services — infogérance de niveau 1;2026;actual;2026-01-01;2026-08-31;11269;10834;10962;10754;10812;11214;10783;11080;0;0;0;0
opex;Adobe Creative Cloud;2026;actual;2026-01-01;2026-08-31;1978;1971;1986;2013;2014;2007;1962;1989;0;0;0;0
opex;Atlassian Cloud (Jira, Confluence);2026;actual;2026-01-01;2026-08-31;4218;4260;4384;4323;4224;4352;4422;4406;0;0;0;0
opex;Lotus Notes — support de fin de vie;2026;actual;2026-01-01;2026-08-31;1262;1230;1213;1222;1266;1280;1240;1284;0;0;0;0
opex;Lotus Notes — support de fin de vie;2026;forecast;2026-01-01;2026-12-31;1291.67;1291.67;1291.67;1291.67;1291.67;1291.67;1291.67;1291.67;1291.67;1291.67;1291.67;1291.67
opex;Legacy HR System (PeopleSoft) — maintenance;2026;actual;2026-01-01;2026-08-31;5086;5116;5256;5116;5266;5186;5187;5156;0;0;0;0
opex;Old Intranet — hébergement;2026;actual;2026-01-01;2026-08-31;762;757;760;732;752;755;0;0;0;0;0;0
opex;Tenable.io;2026;actual;2026-01-01;2026-08-31;2960;2989;2952;3074;2949;2978;3076;3006;0;0;0;0
opex;SOC externalisé;2026;actual;2026-01-01;2026-08-31;11932;12191;12307;11927;11777;11676;12167;12135;0;0;0;0
opex;SOC externalisé;2026;forecast;2026-01-01;2026-12-31;11916.67;11916.67;11916.67;11916.67;11916.67;11916.67;11916.67;11916.67;11916.67;11916.67;11916.67;11916.67
opex;Sensibilisation phishing;2026;actual;2026-01-01;2026-08-31;1536;1534;1482;1459;1540;1472;1469;1531;0;0;0;0
opex;Tests d'intrusion annuels;2026;actual;2026-01-01;2026-08-31;3809;3638;3842;3729;3801;3657;3796;3684;0;0;0;0
opex;Tests d'intrusion annuels;2026;forecast;2026-01-01;2026-12-31;3875;3875;3875;3875;3875;3875;3875;3875;3875;3875;3875;3875
opex;Certificats et PKI;2026;actual;2026-01-01;2026-08-31;973;1025;995;1018;1004;1019;1017;991;0;0;0;0
opex;Cabinet de conseil — schéma directeur;2026;actual;2026-01-01;2026-08-31;8028;8169;8326;8286;8448;8195;8447;8215;0;0;0;0
opex;Audit des licences;2026;actual;2026-01-01;2026-08-31;2127;2103;2048;2065;2066;2088;2066;2138;0;0;0;0
opex;Veille et abonnements analystes;2026;actual;2026-01-01;2026-08-31;2272;2313;2321;2323;2332;2362;2347;2282;0;0;0;0
opex;Recrutement IT;2026;actual;2026-01-01;2026-08-31;4304;4210;4268;4377;4388;4355;4460;4377;0;0;0;0
opex;Régie · Chef de projet EDI · DIS-100;2026;actual;2026-01-01;2026-08-31;15081;15108;15686;15744;12639;15683;16545;15542;0;0;0;0
opex;Régie · Business analyst ventes · DIS-100;2026;actual;2026-01-01;2026-08-31;12935;12556;13543;13308;10899;13393;13751;12850;0;0;0;0
opex;Régie · Développeur senior SAP SD · DIS-200;2026;actual;2026-01-01;2026-08-31;14058;13814;15130;14273;11836;14982;14706;14673;0;0;0;0
opex;Régie · Développeur SAP MM · DIS-200;2026;actual;2026-01-01;2026-08-31;16964;16994;18556;17020;13982;18005;18658;17739;0;0;0;0
opex;Régie · Architecte intégration · DIS-200;2026;actual;2026-01-01;2026-08-31;0;0;0;17473;14099;18272;17698;16841;0;0;0;0
opex;Régie · Architecte intégration · DIS-200;2026;forecast;2026-01-01;2026-12-31;0;0;0;17019;13852;18324;17757;17597;17939;18324;16158;18455
opex;Régie · Développeur portail B2B · DIS-200;2026;actual;2026-01-01;2026-08-31;8528;7939;8647;8481;6703;8774;8802;8430;0;0;0;0
opex;Régie · Administrateur SAP Basis · DIS-300;2026;actual;2026-01-01;2026-08-31;15194;13784;15292;15091;11895;15284;15791;14506;0;0;0;0
opex;Régie · Administrateur SAP Basis · DIS-300;2026;forecast;2026-01-01;2026-12-31;14702;14456;15751;14887;12163;15890;15835;15217;15578;15725;14314;15550
opex;Régie · Analyste support applicatif · DIS-300;2026;actual;2026-01-01;2026-08-31;7448;7156;7841;7240;6048;7656;7878;7491;0;0;0;0
opex;Régie · Applicatiebeheerder Sage X3 · DIS-300;2026;actual;2026-01-01;2026-08-31;14355;13397;15268;14228;11670;14880;15080;14424;0;0;0;0
opex;Régie · Projectleider WMS · DIS-300;2026;actual;2026-01-01;2026-08-31;16767;16890;18128;16791;13688;18165;18411;17618;0;0;0;0
opex;Régie · Product owner e-commerce · BOU-100;2026;actual;2026-01-01;2026-08-31;15649;15135;16861;15980;13242;16554;17002;16047;0;0;0;0
opex;Régie · Product owner e-commerce · BOU-100;2026;forecast;2026-01-01;2026-12-31;16048;15197;16527;16141;12737;16471;16683;16165;16558;16726;15384;16642
opex;Régie · Développeur front e-commerce · BOU-100;2026;actual;2026-01-01;2026-08-31;17078;16318;17746;16765;13462;17441;17751;16686;0;0;0;0
opex;Régie · Développeur back e-commerce · BOU-100;2026;actual;2026-01-01;2026-08-31;17836;17136;18514;18195;14459;18136;18486;17583;0;0;0;0
opex;Régie · Développeur mobile · BOU-100;2026;actual;2026-01-01;2026-08-31;0;0;0;0;8353;10505;10932;10244;0;0;0;0
opex;Régie · UX designer · BOU-100;2026;actual;2026-01-01;2026-08-31;13680;13068;14365;14241;11245;14335;14578;13608;0;0;0;0
opex;Régie · Ingénieur DevOps e-commerce · BOU-310;2026;actual;2026-01-01;2026-08-31;15404;14425;15692;14870;12309;16090;16129;15361;0;0;0;0
opex;Régie · Support caisses niveau 2 · BOU-310;2026;actual;2026-01-01;2026-08-31;10260;10125;10887;10742;8769;11230;11081;10860;0;0;0;0
opex;Régie · Analyste exploitation e-commerce · BOU-310;2026;actual;2026-01-01;2026-08-31;7770;7423;8187;7939;6284;7959;8413;7925;0;0;0;0
opex;Régie · Administrateur plateforme paiement · BOU-310;2026;actual;2026-01-01;2026-08-31;0;0;0;0;0;13539;13110;12438;0;0;0;0
opex;Régie · Administrateur plateforme paiement · BOU-310;2026;forecast;2026-01-01;2026-12-31;0;0;0;0;0;13107;13396;12558;13114;13191;12213;13256
opex;Régie · Sistemista punti vendita · BOU-310;2026;actual;2026-01-01;2026-08-31;10758;10317;11582;11216;8832;11656;11461;11237;0;0;0;0
opex;Régie · Sviluppatore integrazioni · BOU-310;2026;actual;2026-01-01;2026-08-31;0;0;12081;11270;9415;12160;11583;11439;0;0;0;0
opex;Régie · E-commerce engineer · BOU-310;2026;actual;2026-01-01;2026-08-31;19029;17559;19262;18561;14876;19702;19653;18765;0;0;0;0
opex;Régie · Site reliability engineer · BOU-310;2026;actual;2026-01-01;2026-08-31;19695;19540;21317;20029;15942;21426;20361;20177;0;0;0;0
opex;Régie · Site reliability engineer · BOU-310;2026;forecast;2026-01-01;2026-12-31;20298;19020;20632;19873;15926;20751;20513;19758;20567;20646;18715;21304
opex;Régie · Ingénieur système Windows · TRV-400;2026;actual;2026-01-01;2026-08-31;11502;11066;12144;12022;9820;12667;12502;11940;0;0;0;0
opex;Régie · Ingénieur système Linux · TRV-400;2026;actual;2026-01-01;2026-08-31;12298;11941;13306;12265;9751;12947;13163;12138;0;0;0;0
opex;Régie · Ingénieur réseau · TRV-400;2026;actual;2026-01-01;2026-08-31;12874;12317;13824;12900;10577;13770;13932;13466;0;0;0;0
opex;Régie · Ingénieur cloud Azure · TRV-400;2026;actual;2026-01-01;2026-08-31;14814;13975;15411;14796;12121;16017;15408;14855;0;0;0;0
opex;Régie · Ingénieur cloud Azure · TRV-400;2026;forecast;2026-01-01;2026-12-31;14718;14186;15589;14948;11929;15551;15776;14969;15740;15497;14450;15631
opex;Régie · Chef de projet refonte DC · TRV-400;2026;actual;2026-01-01;2026-08-31;15756;14506;16037;15185;12322;16558;16309;15638;0;0;0;0
opex;Régie · Technicien support de proximité Paris · TRV-500;2026;actual;2026-01-01;2026-08-31;13847;13080;14870;14117;10935;14564;14227;13955;0;0;0;0
opex;Régie · Technicien support de proximité usines · TRV-500;2026;actual;2026-01-01;2026-08-31;6795;6586;7359;7012;5593;7253;7008;6775;0;0;0;0
opex;Régie · Technicien support de proximité usines · TRV-500;2026;forecast;2026-01-01;2026-12-31;6976;6606;7143;6839;5537;7106;7245;7034;7360;7134;6601;7167
opex;Régie · Administrateur M365 · TRV-500;2026;actual;2026-01-01;2026-08-31;11547;10841;11698;11180;8866;11981;11613;11317;0;0;0;0
opex;Régie · Chef de projet Workday · TRV-500;2026;actual;2026-01-01;2026-08-31;15678;14987;16902;15547;12769;16816;16409;15839;0;0;0;0
opex;Régie · Consultant Workday paie · TRV-500;2026;actual;2026-01-01;2026-08-31;18871;18492;20290;19621;15122;20408;20313;18633;0;0;0;0
opex;Régie · Consultant Workday paie · TRV-500;2026;forecast;2026-01-01;2026-12-31;19356;18087;19784;19156;15551;20342;19692;19174;20324;19951;18361;20237
opex;Régie · Analyste SOC interne · TRV-600;2026;actual;2026-01-01;2026-08-31;12629;12069;13037;12905;10269;13578;12943;12957;0;0;0;0
opex;Régie · Analyste SOC interne · TRV-600;2026;forecast;2026-01-01;2026-12-31;12790;11882;13328;12591;10367;13321;13216;12819;13478;13476;12061;13356
opex;Régie · Ingénieur sécurité réseau · TRV-600;2026;actual;2026-01-01;2026-08-31;14799;13867;15419;14859;12158;16003;15869;14998;0;0;0;0
opex;Régie · Consultant IAM · TRV-600;2026;actual;2026-01-01;2026-08-31;0;15225;16677;16371;13207;17253;16729;15962;0;0;0;0
opex;Régie · Data engineer · TRV-700;2026;actual;2026-01-01;2026-08-31;13790;13500;14125;13439;10968;14451;14136;14176;0;0;0;0
opex;Régie · Data analyst · TRV-700;2026;actual;2026-01-01;2026-08-31;8211;7810;8367;8213;6287;8601;8521;8037;0;0;0;0
opex;Régie · Contrôleur de gestion IT en renfort · TRV-700;2026;actual;2026-01-01;2026-08-31;12811;12104;13063;13098;9998;13186;13215;12916;0;0;0;0
capex;SAP Cheddar Migration — S/4HANA upgrade;2026;actual;2026-01-01;2026-08-31;31315;32211;32242;31214;32539;32303;32122;31123;0;0;0;0
capex;Data Center Refresh — Paris DC;2026;actual;2026-01-01;2026-08-31;21915;21711;21567;22019;21071;21117;21226;21207;0;0;0;0
capex;D2C E-commerce Platform — La Boutique;2026;actual;2026-01-01;2026-08-31;13125;12783;12779;12420;12636;12859;12569;12800;0;0;0;0
capex;S/4HANA — développements spécifiques capitalisés;2026;actual;2026-01-01;2026-08-31;18747;18053;19794;19303;14944;20133;20119;18763;0;0;0;0
capex;S/4HANA — serveurs HANA;2026;actual;2026-01-01;2026-08-31;15197;15166;15305;15715;15612;15792;14927;15266;0;0;0;0
capex;La Boutique — version 2 (abonnements et marketplace);2026;actual;2026-01-01;2026-08-31;17630;17104;18521;17072;14190;18447;17835;17529;0;0;0;0
capex;Boutiques — renouvellement des caisses;2026;actual;2026-01-01;2026-08-31;10405;10773;10664;10584;10508;10310;10742;10549;0;0;0;0
capex;Formaggio — nuove casse punti vendita;2026;actual;2026-01-01;2026-08-31;3666;3715;3719;3761;3792;3767;3647;3766;0;0;0;0
capex;US — warehouse management system;2026;actual;2026-01-01;2026-08-31;8871;8858;9030;9123;9051;8847;8907;8941;0;0;0;0
capex;Kaasmeester — WMS upgrade;2026;actual;2026-01-01;2026-08-31;6602;6533;6664;6765;6798;6469;6680;6693;0;0;0;0
capex;CaveGuard — déploiement sur les 8 caves;2026;actual;2026-01-01;2026-08-31;6064;6103;6142;6076;6382;6165;6377;6284;0;0;0;0
capex;Plateforme data — construction;2026;actual;2026-01-01;2026-08-31;28027;26912;28899;28203;23537;30388;29083;28454;0;0;0;0
capex;Zero Trust — segmentation réseau des usines;2026;actual;2026-01-01;2026-08-31;10717;10696;10244;10257;10483;10724;10320;10512;0;0;0;0
capex;Postes de travail — renouvellement usines;2026;actual;2026-01-01;2026-08-31;7129;7189;6993;6918;7026;7261;7274;7211;0;0;0;0
capex;Réseau Wi-Fi des caves et entrepôts;2026;actual;2026-01-01;2026-08-31;4580;4464;4459;4470;4513;4555;4488;4647;0;0;0;0
