item_type;item_name;year;measure;label;quantity_unit;quantity;unit_price;price_basis;frequency;days_per_month;period_start;period_end;calendar_code
opex;Contractor · EDI project manager · DIS-100;2026;planned;EDI project manager;people;1;850;per_day;per_month;;2026-01-01;2026-12-31;CAD218
opex;Contractor · EDI project manager · DIS-100;2026;expected_landing;EDI project manager;people;1;850;per_day;per_month;;2026-01-01;2026-12-31;CAD218
opex;Contractor · Sales business analyst · DIS-100;2026;planned;Sales business analyst;people;1;720;per_day;per_month;;2026-01-01;2026-12-31;CAD218
opex;Contractor · Sales business analyst · DIS-100;2026;expected_landing;Sales business analyst;people;1;720;per_day;per_month;;2026-01-01;2026-12-31;CAD218
opex;Contractor · Senior SAP SD developer · DIS-200;2026;planned;Senior SAP SD developer;people;1;790;per_day;per_month;;2026-01-01;2026-12-31;CAD218
opex;Contractor · Senior SAP SD developer · DIS-200;2026;expected_landing;Senior SAP SD developer;people;1;790;per_day;per_month;;2026-01-01;2026-12-31;CAD218
opex;Contractor · SAP MM developer · DIS-200;2026;planned;SAP MM developer;people;2;480;per_day;per_month;;2026-01-01;2026-12-31;CAD218
opex;Contractor · SAP MM developer · DIS-200;2026;expected_landing;SAP MM developer;people;2;480;per_day;per_month;;2026-01-01;2026-12-31;CAD218
opex;Contractor · Integration architect · DIS-200;2026;planned;Integration architect;people;1;950;per_day;per_month;;2026-02-01;2026-12-31;CAD218
opex;Contractor · Integration architect · DIS-200;2026;expected_landing;Integration architect;people;1;950;per_day;per_month;;2026-04-01;2026-12-31;CAD218
opex;Contractor · B2B portal developer · DIS-200;2026;planned;B2B portal developer;people;1;460;per_day;per_month;;2026-01-01;2026-12-31;CAD218
opex;Contractor · B2B portal developer · DIS-200;2026;expected_landing;B2B portal developer;people;1;460;per_day;per_month;;2026-01-01;2026-12-31;CAD218
opex;Contractor · SAP Basis administrator · DIS-300;2026;planned;SAP Basis administrator;people;1;820;per_day;per_month;;2026-01-01;2026-12-31;CAD218
opex;Contractor · SAP Basis administrator · DIS-300;2026;expected_landing;SAP Basis administrator;people;1;820;per_day;per_month;;2026-01-01;2026-12-31;CAD218
opex;Contractor · Application support analyst · DIS-300;2026;planned;Application support analyst;people;1;410;per_day;per_month;;2026-01-01;2026-12-31;CAD218
opex;Contractor · Application support analyst · DIS-300;2026;expected_landing;Application support analyst;people;1;410;per_day;per_month;;2026-01-01;2026-12-31;CAD218
opex;Contractor · Applicatiebeheerder Sage X3 · DIS-300;2026;planned;Applicatiebeheerder Sage X3;people;1;690;per_day;per_month;;2026-01-01;2026-12-31;NL
opex;Contractor · Applicatiebeheerder Sage X3 · DIS-300;2026;expected_landing;Applicatiebeheerder Sage X3;people;1;690;per_day;per_month;;2026-01-01;2026-12-31;NL
opex;Contractor · Projectleider WMS · DIS-300;2026;planned;Projectleider WMS;people;1;820;per_day;per_month;;2026-01-01;2026-09-30;NL
opex;Contractor · Projectleider WMS · DIS-300;2026;expected_landing;Projectleider WMS;people;1;820;per_day;per_month;;2026-01-01;2026-09-30;NL
opex;Contractor · E-commerce product owner · BOU-100;2026;planned;E-commerce product owner;people;1;880;per_day;per_month;;2026-01-01;2026-12-31;CAD218
opex;Contractor · E-commerce product owner · BOU-100;2026;expected_landing;E-commerce product owner;people;1;880;per_day;per_month;;2026-01-01;2026-12-31;CAD218
opex;Contractor · E-commerce front-end developer · BOU-100;2026;planned;E-commerce front-end developer;people;2;470;per_day;per_month;;2026-01-01;2026-12-31;CAD218
opex;Contractor · E-commerce front-end developer · BOU-100;2026;expected_landing;E-commerce front-end developer;people;2;470;per_day;per_month;;2026-01-01;2026-12-31;CAD218
opex;Contractor · E-commerce back-end developer · BOU-100;2026;planned;E-commerce back-end developer;people;2;490;per_day;per_month;;2026-01-01;2026-12-31;CAD218
opex;Contractor · E-commerce back-end developer · BOU-100;2026;expected_landing;E-commerce back-end developer;people;2;490;per_day;per_month;;2026-01-01;2026-12-31;CAD218
opex;Contractor · Mobile developer · BOU-100;2026;planned;Mobile developer;people;1;560;per_day;per_month;;2026-05-01;2026-12-31;CAD218
opex;Contractor · Mobile developer · BOU-100;2026;expected_landing;Mobile developer;people;1;560;per_day;per_month;;2026-05-01;2026-12-31;CAD218
opex;Contractor · UX designer · BOU-100;2026;planned;UX designer;people;1;760;per_day;per_month;;2026-01-01;2026-06-30;CAD218
opex;Contractor · UX designer · BOU-100;2026;expected_landing;UX designer;people;1;760;per_day;per_month;;2026-01-01;2026-10-31;CAD218
opex;Contractor · E-commerce DevOps engineer · BOU-310;2026;planned;E-commerce DevOps engineer;people;1;840;per_day;per_month;;2026-01-01;2026-12-31;CAD218
opex;Contractor · E-commerce DevOps engineer · BOU-310;2026;expected_landing;E-commerce DevOps engineer;people;1;840;per_day;per_month;;2026-01-01;2026-12-31;CAD218
opex;Contractor · Level 2 till support · BOU-310;2026;planned;Level 2 till support;people;1;580;per_day;per_month;;2026-01-01;2026-12-31;CAD218
opex;Contractor · Level 2 till support · BOU-310;2026;expected_landing;Level 2 till support;people;1;580;per_day;per_month;;2026-01-01;2026-12-31;CAD218
opex;Contractor · E-commerce operations analyst · BOU-310;2026;planned;E-commerce operations analyst;people;1;430;per_day;per_month;;2026-01-01;2026-12-31;CAD218
opex;Contractor · E-commerce operations analyst · BOU-310;2026;expected_landing;E-commerce operations analyst;people;1;430;per_day;per_month;;2026-01-01;2026-12-31;CAD218
opex;Contractor · Payment platform administrator · BOU-310;2026;planned;Payment platform administrator;people;1;700;per_day;per_month;;2026-07-01;2026-12-31;CAD218
opex;Contractor · Payment platform administrator · BOU-310;2026;expected_landing;Payment platform administrator;people;1;700;per_day;per_month;;2026-06-01;2026-12-31;CAD218
opex;Contractor · Sistemista punti vendita · BOU-310;2026;planned;Sistemista punti vendita;people;1;520;per_day;per_month;;2026-01-01;2026-12-31;IT
opex;Contractor · Sistemista punti vendita · BOU-310;2026;expected_landing;Sistemista punti vendita;people;1;520;per_day;per_month;;2026-01-01;2026-12-31;IT
opex;Contractor · Sviluppatore integrazioni · BOU-310;2026;planned;Sviluppatore integrazioni;people;1;540;per_day;per_month;;2026-03-01;2026-12-31;IT
opex;Contractor · Sviluppatore integrazioni · BOU-310;2026;expected_landing;Sviluppatore integrazioni;people;1;540;per_day;per_month;;2026-03-01;2026-12-31;IT
opex;Contractor · E-commerce engineer · BOU-310;2026;planned;E-commerce engineer;people;1;900;per_day;per_month;;2026-01-01;2026-12-31;US
opex;Contractor · E-commerce engineer · BOU-310;2026;expected_landing;E-commerce engineer;people;1;900;per_day;per_month;;2026-01-01;2026-12-31;US
opex;Contractor · Site reliability engineer · BOU-310;2026;planned;Site reliability engineer;people;1;950;per_day;per_month;;2026-01-01;2026-12-31;US
opex;Contractor · Site reliability engineer · BOU-310;2026;expected_landing;Site reliability engineer;people;1;950;per_day;per_month;;2026-01-01;2026-12-31;US
opex;Contractor · Windows system engineer · TRV-400;2026;planned;Windows system engineer;people;1;650;per_day;per_month;;2026-01-01;2026-12-31;CAD218
opex;Contractor · Windows system engineer · TRV-400;2026;expected_landing;Windows system engineer;people;1;650;per_day;per_month;;2026-01-01;2026-12-31;CAD218
opex;Contractor · Linux system engineer · TRV-400;2026;planned;Linux system engineer;people;1;680;per_day;per_month;;2026-01-01;2026-12-31;CAD218
opex;Contractor · Linux system engineer · TRV-400;2026;expected_landing;Linux system engineer;people;1;680;per_day;per_month;;2026-01-01;2026-12-31;CAD218
opex;Contractor · Network engineer · TRV-400;2026;planned;Network engineer;people;1;720;per_day;per_month;;2026-01-01;2026-12-31;CAD218
opex;Contractor · Network engineer · TRV-400;2026;expected_landing;Network engineer;people;1;720;per_day;per_month;;2026-01-01;2026-12-31;CAD218
opex;Contractor · Azure cloud engineer · TRV-400;2026;planned;Azure cloud engineer;people;1;820;per_day;per_month;;2026-01-01;2026-12-31;CAD218
opex;Contractor · Azure cloud engineer · TRV-400;2026;expected_landing;Azure cloud engineer;people;1;820;per_day;per_month;;2026-01-01;2026-12-31;CAD218
opex;Contractor · DC refresh project manager · TRV-400;2026;planned;DC refresh project manager;people;1;860;per_day;per_month;;2026-01-01;2026-12-31;CAD218
opex;Contractor · DC refresh project manager · TRV-400;2026;expected_landing;DC refresh project manager;people;1;860;per_day;per_month;;2026-01-01;2026-12-31;CAD218
opex;Contractor · On-site support technician, Paris · TRV-500;2026;planned;On-site support technician, Paris;people;2;380;per_day;per_month;;2026-01-01;2026-12-31;CAD218
opex;Contractor · On-site support technician, Paris · TRV-500;2026;expected_landing;On-site support technician, Paris;people;2;380;per_day;per_month;;2026-01-01;2026-12-31;CAD218
opex;Contractor · On-site support technician, plants · TRV-500;2026;planned;On-site support technician, plants;people;1;380;per_day;per_month;;2026-01-01;2026-12-31;CAD218
opex;Contractor · On-site support technician, plants · TRV-500;2026;expected_landing;On-site support technician, plants;people;1;380;per_day;per_month;;2026-01-01;2026-12-31;CAD218
opex;Contractor · M365 administrator · TRV-500;2026;planned;M365 administrator;people;1;620;per_day;per_month;;2026-01-01;2026-12-31;CAD218
opex;Contractor · M365 administrator · TRV-500;2026;expected_landing;M365 administrator;people;1;620;per_day;per_month;;2026-01-01;2026-12-31;CAD218
opex;Contractor · Workday project manager · TRV-500;2026;planned;Workday project manager;people;1;880;per_day;per_month;;2026-01-01;2026-12-31;CAD218
opex;Contractor · Workday project manager · TRV-500;2026;expected_landing;Workday project manager;people;1;880;per_day;per_month;;2026-01-01;2026-12-31;CAD218
opex;Contractor · Workday payroll consultant · TRV-500;2026;planned;Workday payroll consultant;people;1;1050;per_day;per_month;;2026-01-01;2026-09-30;CAD218
opex;Contractor · Workday payroll consultant · TRV-500;2026;expected_landing;Workday payroll consultant;people;1;1050;per_day;per_month;;2026-01-01;2026-12-31;CAD218
opex;Contractor · In-house SOC analyst · TRV-600;2026;planned;In-house SOC analyst;people;1;700;per_day;per_month;;2026-01-01;2026-12-31;CAD218
opex;Contractor · In-house SOC analyst · TRV-600;2026;expected_landing;In-house SOC analyst;people;1;700;per_day;per_month;;2026-01-01;2026-12-31;CAD218
opex;Contractor · Network security engineer · TRV-600;2026;planned;Network security engineer;people;1;820;per_day;per_month;;2026-01-01;2026-12-31;CAD218
opex;Contractor · Network security engineer · TRV-600;2026;expected_landing;Network security engineer;people;1;820;per_day;per_month;;2026-01-01;2026-12-31;CAD218
opex;Contractor · IAM consultant · TRV-600;2026;planned;IAM consultant;people;1;900;per_day;per_month;;2026-02-01;2026-10-31;CAD218
opex;Contractor · IAM consultant · TRV-600;2026;expected_landing;IAM consultant;people;1;900;per_day;per_month;;2026-02-01;2026-10-31;CAD218
opex;Contractor · Data engineer · TRV-700;2026;planned;Data engineer;people;1;760;per_day;per_month;;2026-01-01;2026-12-31;CAD218
opex;Contractor · Data engineer · TRV-700;2026;expected_landing;Data engineer;people;1;760;per_day;per_month;;2026-01-01;2026-12-31;CAD218
opex;Contractor · Data analyst · TRV-700;2026;planned;Data analyst;people;1;440;per_day;per_month;;2026-01-01;2026-12-31;CAD218
opex;Contractor · Data analyst · TRV-700;2026;expected_landing;Data analyst;people;1;440;per_day;per_month;;2026-01-01;2026-12-31;CAD218
opex;Contractor · Interim IT controller · TRV-700;2026;planned;Interim IT controller;people;1;700;per_day;per_month;;2026-01-01;2026-06-30;CAD218
opex;Contractor · Interim IT controller · TRV-700;2026;expected_landing;Interim IT controller;people;1;700;per_day;per_month;;2026-01-01;2026-08-31;CAD218
capex;S/4HANA — capitalized custom development;2026;planned;SAP ABAP developer (Nearshore Digital Lisboa);people;2;520;per_day;per_month;;2026-01-01;2026-12-31;CAD218
capex;S/4HANA — capitalized custom development;2026;expected_landing;SAP ABAP developer (Nearshore Digital Lisboa);people;2;520;per_day;per_month;;2026-01-01;2026-12-31;CAD218
capex;La Boutique — version 2 (subscriptions and marketplace);2026;planned;E-commerce full-stack developer (Nearshore Digital Lisboa);people;2;480;per_day;per_month;;2026-01-01;2026-12-31;CAD218
capex;La Boutique — version 2 (subscriptions and marketplace);2026;expected_landing;E-commerce full-stack developer (Nearshore Digital Lisboa);people;2;480;per_day;per_month;;2026-01-01;2026-12-31;CAD218
capex;Data platform — build;2026;planned;Platform data engineer (Alpine Data Experts);people;2;780;per_day;per_month;;2026-01-01;2026-12-31;CAD218
capex;Data platform — build;2026;expected_landing;Platform data engineer (Alpine Data Experts);people;2;780;per_day;per_month;;2026-01-01;2026-12-31;CAD218
