name;erp_supplier_id;commercial_contact;technical_contact;support_contact;notes;status
Microsoft;SUP-001;;;;Enterprise Agreement — Microsoft 365, Azure, GitHub, Power BI;enabled
SAP;SUP-002;;;;ERP and analytics — S/4HANA, BW/4HANA, Concur;enabled
Salesforce;SUP-003;;;;CRM and service — Sales Cloud, Service Cloud, Slack;enabled
OVHcloud;SUP-004;;;;European cloud — dedicated servers and object storage;enabled
Atlassian;SUP-005;;;;Collaboration — Jira Software and Confluence Cloud;enabled
Sage;SUP-006;;;;Accounting — X3 for Dutch and Italian entities;enabled
Schneider Electric;SUP-007;;;;IoT and industrial automation — CaveGuard platform;enabled
Datadog;SUP-008;;;;Infrastructure and application monitoring;enabled
Okta;SUP-009;;;;Identity management, SSO and MFA;enabled
DocuSign;SUP-010;;;;Electronic signatures and CLM;enabled
Sophos;SUP-011;;;;Endpoint protection and EDR;enabled
Zoom Video Communications;SUP-012;;;;Video conferencing and unified communications;enabled
Lactalis Digital;SUP-013;;;;Cheese industry software — FroMag aging management;enabled
ColdChain Solutions;SUP-014;;;;Cold chain traceability — CheeseTrack platform;enabled
ServiceNow;SUP-015;;;;IT service management platform;enabled
Workday;SUP-016;;;;Human capital management and payroll;enabled
HubSpot;SUP-017;;;;Inbound marketing and marketing automation;enabled
Broadcom;SUP-018;;;;Virtualization — VMware vSphere;enabled
Veeam;SUP-019;;;;Backup and disaster recovery;enabled
Fortinet;SUP-020;;;;Network security — FortiGate firewalls;enabled
Cisco;SUP-021;;;;Network infrastructure — switches and Meraki;enabled
Snowflake;SUP-022;;;;Cloud data platform and analytics;enabled
Coupa;SUP-023;;;;Procurement and spend management;enabled
Intuit;SUP-024;;;;Accounting — QuickBooks Online for US entity;enabled
Adobe;SUP-025;;;;Document management — Acrobat Pro;enabled
Axians;SUP-026;;;;Managed IT services — infogérance for FR operations;enabled
Atlantic IT Solutions;SUP-027;;;;Managed IT services — US operations support;enabled
Fromatech Consulting;SUP-028;;;;Assistance technique et centres de compétences, France;enabled
Nearshore Digital Lisboa;SUP-029;;;;Développement et support nearshore, Portugal;enabled
DevHouse Milano;SUP-030;;;;Développement et infogérance, Italie;enabled
Benelux IT Partners;SUP-031;;;;Infogérance et régie, Benelux;enabled
Alpine Data Experts;SUP-032;;;;Conseil, data et pilotage de projets;enabled
Generix Group;SUP-033;;;;Plateforme EDI et supply chain;enabled
Akeneo;SUP-034;;;;Référentiel produit (PIM);enabled
Cegid;SUP-035;;;;Logiciels de caisse et retail;enabled
Orange Business;SUP-036;;;;Télécoms et réseau, France;enabled
KPN;SUP-037;;;;Télécoms, Pays-Bas;enabled
TIM Business;SUP-038;;;;Télécoms, Italie;enabled
Verizon Business;SUP-039;;;;Télécoms, États-Unis;enabled
Dell Technologies;SUP-040;;;;Serveurs et stockage;enabled
Lenovo;SUP-041;;;;Postes de travail;enabled
Shopify;SUP-042;;;;Plateforme e-commerce;enabled
