product_name;description;supplier_name;company_name;account_number;currency;effective_start;status;disabled_at;owner_it_email;owner_business_email;analytics_category;analytics:nature;analytics:reference;analytics:recurrence;cost_center_code;run_build;notes;y_minus1_budget;y_minus1_landing;y_budget;y_follow_up;y_landing;y_revision;y_plus1_budget;y_plus1_revision
Microsoft Enterprise (M365 + Azure + GitHub);M365 E3 for 2050+ users, Azure consumption and GitHub Enterprise;Microsoft;Fromage & Co SA;612100;EUR;2024-01-01;enabled;;pierre.martin@fromage-co.com;thomas.berger@fromage-co.com;Productivity;Licences et maintenance;;Récurrent;FR-TRV-500;run;Group-wide EA — single largest IT spend line;620000;625000;650000;;659500;;;
SAP S/4HANA Maintenance;Annual maintenance and support for on-premise ERP;SAP;Fromage & Co SA;612200;EUR;2023-07-01;enabled;;sophie.laurent@fromage-co.com;maria.casanova@fromage-co.com;ERP;Licences et maintenance;;Récurrent;FR-DIS-300;run;Renews annually in July — includes critical patches;265000;270000;280000;;275500;;;
SAP BW/4HANA License;Business intelligence and analytics reporting;SAP;Fromage & Co SA;612200;EUR;2020-09-01;enabled;;sophie.laurent@fromage-co.com;maria.casanova@fromage-co.com;Analytics;Licences et maintenance;REF-DATA;Récurrent;FR-TRV-700;run;Feeds Power BI executive dashboards;62000;64000;70000;;70000;;;
Salesforce (Sales + Service Cloud);CRM for B2B distribution — 350 Sales + 60 Service licenses;Salesforce;Fromage & Co SA;612100;EUR;2025-03-01;enabled;;sophie.laurent@fromage-co.com;isabelle.moreau@fromage-co.com;CRM;Abonnements SaaS;;Récurrent;FR-DIS-300;run;Enterprise edition — integrated with HubSpot;165000;170000;180000;;185000;181500;;
ServiceNow ITSM Platform;IT service management — incidents, changes, requests;ServiceNow;Fromage & Co SA;612100;EUR;2025-01-01;enabled;;sophie.laurent@fromage-co.com;thomas.berger@fromage-co.com;ITSM;Abonnements SaaS;;Récurrent;FR-TRV-500;run;Standard plan — 15 agent licenses;110000;112000;120000;;121000;;;
Workday HCM;Human capital management, payroll and talent — global;Workday;Fromage & Co SA;612100;EUR;2025-04-01;enabled;;sophie.laurent@fromage-co.com;maria.casanova@fromage-co.com;HR;Abonnements SaaS;;Récurrent;FR-TRV-500;run;Live for FR — rollout to NL, IT, US in progress;80000;85000;150000;;153000;;;
OVHcloud Infrastructure;Dedicated servers, storage and hosting for on-premise apps;OVHcloud;Fromage & Co SA;613100;EUR;2024-06-01;disabled;2026-06-30;pierre.martin@fromage-co.com;thomas.berger@fromage-co.com;Infrastructure;Cloud et hébergement;;Récurrent;FR-TRV-400;run;4 dedicated servers + 5TB storage — contract ends Jun 2026;78000;80000;85000;;47000;;;
AWS Cloud Hosting;Cloud infrastructure for La Boutique and B2B Portal;;Fromage & Co SA;613100;EUR;2025-01-01;enabled;;pierre.martin@fromage-co.com;thomas.berger@fromage-co.com;Infrastructure;Cloud et hébergement;REF-ECOM-CDC;Récurrent;FR-BOU-310;run;eu-west-1 — EC2, RDS, S3, CloudFront;55000;60000;75000;;88500;74000;;
Datadog Monitoring;Infrastructure monitoring, APM and log management;Datadog;Fromage & Co SA;613300;EUR;2024-09-01;enabled;;pierre.martin@fromage-co.com;thomas.berger@fromage-co.com;Monitoring;Abonnements SaaS;;Récurrent;FR-TRV-400;run;Enterprise plan — 80 hosts + APM + Logs;52000;55000;60000;;59000;;;
Okta Workforce Identity;SSO and MFA for 2050+ users across all entities;Okta;Fromage & Co SA;613200;EUR;2025-04-01;enabled;;pierre.martin@fromage-co.com;lucas.bernard@fromage-co.com;Security;Abonnements SaaS;REF-SECU-ZT;Récurrent;FR-TRV-600;run;Workforce Identity Cloud + Adaptive MFA;40000;42000;45000;;46000;;;
Sophos Enterprise Security;Endpoint protection and EDR for 2050+ devices;Sophos;Fromage & Co SA;613200;EUR;2025-02-01;enabled;;pierre.martin@fromage-co.com;lucas.bernard@fromage-co.com;Security;Licences et maintenance;;Récurrent;FR-TRV-600;run;Intercept X Advanced with Central Management;48000;50000;55000;;55500;55500;;
VMware vSphere Licensing;Server virtualization for all on-premise infrastructure;Broadcom;Fromage & Co SA;612200;EUR;2024-01-01;enabled;;pierre.martin@fromage-co.com;thomas.berger@fromage-co.com;Infrastructure;Licences et maintenance;;Récurrent;FR-TRV-400;run;Enterprise Plus — 6 ESXi hosts;72000;75000;80000;;80500;;;
CaveGuard IoT Platform;Schneider IoT monitoring for cheese aging caves;Schneider Electric;Fromage & Co SA;613300;EUR;2025-09-01;enabled;;marc.petit@fromage-co.com;jacques.dubois@fromage-co.com;IoT;Abonnements SaaS;;Récurrent;FR-DIS-300;run;Pilot expanding to full rollout 2027;0;0;65000;;64500;;;
CheeseTrack SaaS;Cold chain traceability platform — all production sites;ColdChain Solutions;Fromage & Co SA;612100;EUR;2025-06-01;enabled;;marc.petit@fromage-co.com;jacques.dubois@fromage-co.com;Traceability;Abonnements SaaS;;Récurrent;FR-DIS-300;run;Mandatory for AOP/DOP certification;24000;25000;28000;;27500;;;
Network & Telecom Services;WAN, MPLS, internet and telephony across all EU sites;;Fromage & Co SA;616100;EUR;2023-01-01;enabled;;pierre.martin@fromage-co.com;thomas.berger@fromage-co.com;Infrastructure;Télécoms et réseau;;Récurrent;FR-TRV-400;run;Multi-site MPLS + internet breakout — 6 locations;150000;155000;160000;;162000;157500;;
IT Staff Augmentation;External contractors — developers, DevOps and project support;;Fromage & Co SA;621100;EUR;2024-01-01;enabled;;sophie.laurent@fromage-co.com;thomas.berger@fromage-co.com;Professional Services;Assistance technique;;Non récurrent;FR-TRV-700;run;3 FTE developers + 1 FTE DevOps + 1 FTE PM;380000;395000;420000;;416000;415000;;
Managed Services — Axians Infogérance;L1/L2 support, monitoring and patch management;Axians;Fromage & Co SA;615100;EUR;2024-01-01;enabled;;sophie.laurent@fromage-co.com;thomas.berger@fromage-co.com;Managed Services;Infogérance;;Récurrent;FR-TRV-400;run;24/7 monitoring, 8x5 support for all on-premise systems;165000;170000;180000;;179500;;;
Cybersecurity Consulting & Audits;Penetration testing, audits and CISO advisory;;Fromage & Co SA;622100;EUR;2024-01-01;enabled;;lucas.bernard@fromage-co.com;thomas.berger@fromage-co.com;Security;Conseil et audit;REF-SECU-ZT;Non récurrent;FR-TRV-600;build;Annual pentest + quarterly vuln scans + GDPR audit;70000;75000;80000;;81500;80500;;
Various SaaS Bundle;HubSpot, DocuSign, Zoom, Figma, Coupa, PagerDuty, Adobe;;Fromage & Co SA;612100;EUR;2023-01-01;enabled;;sophie.laurent@fromage-co.com;thomas.berger@fromage-co.com;Productivity;Abonnements SaaS;;Récurrent;FR-TRV-500;run;Consolidated line for smaller SaaS subscriptions;108000;112000;120000;;108000;119000;;
Fortinet FortiCare & FortiGuard;Firewall support, updates and threat intelligence;Fortinet;Fromage & Co SA;615100;EUR;2024-09-01;enabled;;pierre.martin@fromage-co.com;lucas.bernard@fromage-co.com;Security;Licences et maintenance;;Récurrent;FR-TRV-600;run;FortiCare Premium + FortiGuard for 8 appliances;36000;38000;40000;;40000;39500;;
IT Training & Certification;Employee training, certifications and conference passes;;Fromage & Co SA;618100;EUR;2024-01-01;enabled;;sophie.laurent@fromage-co.com;thomas.berger@fromage-co.com;Training;Formation;;Récurrent;FR-TRV-700;run;Cloud certs, security certs, SAP training;40000;42000;45000;;45000;;;
IT Travel & Events;IT team travel, conferences and industry events;;Fromage & Co SA;625100;EUR;2024-01-01;enabled;;sophie.laurent@fromage-co.com;thomas.berger@fromage-co.com;General;Frais et déplacements;;Récurrent;FR-TRV-700;run;Vivatech, AWS Summit, SAP TechEd, etc.;26000;28000;30000;;29500;;;
Sage X3 Licenties — Kaasmeester;Accounting software for Dutch subsidiary;Sage;Kaasmeester BV;45200;EUR;2024-01-01;enabled;;jan.bakker@kaasmeester.nl;maria.casanova@fromage-co.com;ERP;Licences et maintenance;;Récurrent;NL-DIS-300;run;25 named users — Kaasmeester BV;32000;33000;35000;;35000;;;
Sage X3 Licenze — Formaggio Supremo;Accounting software for Italian subsidiary;Sage;Formaggio Supremo SRL;6502;EUR;2024-01-01;enabled;;luca.ferrari@formaggio-supremo.it;maria.casanova@fromage-co.com;ERP;Licences et maintenance;;Récurrent;IT-BOU-310;run;15 named users — Formaggio Supremo SRL;22000;23000;25000;;25500;;;
US Office IT Services;Microsoft 365 licenses and SaaS tools for US entity;;Fromage & Co Inc.;7110;USD;2025-01-01;enabled;;mike.johnson@fromage-co.com;thomas.berger@fromage-co.com;Productivity;Infogérance;;Récurrent;US-BOU-310;run;M365 E3 + Salesforce + Zoom for 150 users;38000;40000;45000;;44500;45000;;
US Managed IT Services;Helpdesk, desktop management and local infrastructure;Atlantic IT Solutions;Fromage & Co Inc.;7210;USD;2025-01-01;enabled;;mike.johnson@fromage-co.com;thomas.berger@fromage-co.com;Managed Services;Infogérance;;Récurrent;US-BOU-310;run;Atlantic IT Solutions — managed services for NYC office;110000;115000;120000;;121000;;;
US Telecom & Internet;Internet, VoIP and VPN connectivity for NYC office;;Fromage & Co Inc.;7220;USD;2024-01-01;enabled;;mike.johnson@fromage-co.com;thomas.berger@fromage-co.com;Infrastructure;Télécoms et réseau;;Récurrent;US-BOU-310;run;Dedicated fiber + VPN to Paris DC;20000;22000;25000;;25500;25000;;
Generix EDI Platform;Échanges EDI avec la grande distribution et la restauration collective;Generix Group;Fromage & Co SA;612100;EUR;2023-01-01;enabled;;pierre.martin@fromage-co.com;isabelle.moreau@fromage-co.com;Supply Chain;Abonnements SaaS;;Récurrent;FR-DIS-300;run;;88500;89500;96000;;96000;97000;;
Fromage B2B Portal hosting;Hébergement et exploitation du portail distributeurs;;Fromage & Co SA;613100;EUR;2024-01-01;enabled;;pierre.martin@fromage-co.com;isabelle.moreau@fromage-co.com;E-commerce;Cloud et hébergement;;Récurrent;FR-DIS-300;run;;39000;39000;42000;;44000;;;
Akeneo PIM;Référentiel produit groupe : fiches, allergènes, photos;Akeneo;Fromage & Co SA;612100;EUR;2025-01-01;enabled;;pierre.martin@fromage-co.com;isabelle.moreau@fromage-co.com;Supply Chain;Abonnements SaaS;;Récurrent;FR-DIS-300;run;;54500;56000;58000;;58000;58000;;
SAP support externe — Distribution;Tierce maintenance applicative SAP SD/MM, forfait mensuel;Fromatech Consulting;Fromage & Co SA;615100;EUR;2024-01-01;enabled;;pierre.martin@fromage-co.com;isabelle.moreau@fromage-co.com;ERP;Infogérance;REF-SAP-S4;Récurrent;FR-DIS-300;run;;134500;136500;144000;;144000;;;
Coupa Procurement;Achats indirects et notes de frais;Coupa;Fromage & Co SA;612100;EUR;2024-07-01;enabled;;pierre.martin@fromage-co.com;isabelle.moreau@fromage-co.com;ERP;Abonnements SaaS;;Récurrent;FR-DIS-300;run;;58000;58000;64000;;62000;;;
Salesforce CPQ add-on;Devis et grilles tarifaires restauration;Salesforce;Fromage & Co SA;612100;EUR;2026-01-01;enabled;;lucas.bernard@fromage-co.com;isabelle.moreau@fromage-co.com;CRM;Abonnements SaaS;;Récurrent;FR-DIS-200;run;;;;36000;;36000;;;
Distribution — tests de performance;Campagnes de tests de charge avant les pics de fin d'année;;Fromage & Co SA;622100;EUR;2026-01-01;enabled;;lucas.bernard@fromage-co.com;isabelle.moreau@fromage-co.com;General;Conseil et audit;;Non récurrent;FR-DIS-200;build;;;;24000;;26500;24500;;
Distribution — formation utilisateurs;Formation des forces de vente aux nouveaux outils;;Fromage & Co SA;618100;EUR;2025-01-01;enabled;;clara.dupont@fromage-co.com;isabelle.moreau@fromage-co.com;Training;Formation;;Non récurrent;FR-DIS-100;build;;16500;17000;18000;;14500;;;
Kaasmeester WMS — licenties;Gestion d'entrepôt de Gouda, licences et maintenance;;Kaasmeester BV;45200;EUR;2023-01-01;enabled;;jan.bakker@kaasmeester.nl;isabelle.moreau@fromage-co.com;Supply Chain;Licences et maintenance;;Récurrent;NL-DIS-300;run;;38500;40000;41000;;41000;40500;;
Kaasmeester — KPN connectivity;Liaisons entrepôt et bureaux de Gouda;KPN;Kaasmeester BV;46200;EUR;2023-01-01;enabled;;jan.bakker@kaasmeester.nl;isabelle.moreau@fromage-co.com;Infrastructure;Télécoms et réseau;;Récurrent;NL-DIS-300;run;;20500;21000;22000;;22000;;;
Kaasmeester — werkplekbeheer;Infogérance du poste de travail Benelux;Benelux IT Partners;Kaasmeester BV;46100;EUR;2024-01-01;enabled;;jan.bakker@kaasmeester.nl;isabelle.moreau@fromage-co.com;Managed Services;Infogérance;;Récurrent;NL-DIS-300;run;;50500;51000;54000;;55000;;;
Cegid Retail POS;Logiciel de caisse des boutiques France, licences et maintenance;Cegid;Fromage & Co SA;612200;EUR;2022-01-01;enabled;;nadia.lemaire@fromage-co.com;isabelle.moreau@fromage-co.com;Retail;Licences et maintenance;;Récurrent;FR-BOU-310;run;;79500;82000;88000;;77500;;;
La Boutique — paiement et fraude;Frais de plateforme de paiement et de détection de fraude;;Fromage & Co SA;612100;EUR;2025-06-01;enabled;;nadia.lemaire@fromage-co.com;isabelle.moreau@fromage-co.com;E-commerce;Abonnements SaaS;REF-ECOM-CDC;Récurrent;FR-BOU-310;run;;51500;52000;54000;;67500;53500;;
La Boutique — CDN et sécurité applicative;Diffusion de contenu, WAF et protection anti-robots du site marchand;;Fromage & Co SA;613100;EUR;2025-06-01;enabled;;nadia.lemaire@fromage-co.com;isabelle.moreau@fromage-co.com;E-commerce;Cloud et hébergement;REF-ECOM-CDC;Récurrent;FR-BOU-310;run;;28500;29500;30000;;33000;30000;;
La Boutique — emailing et CRM abonnés;Plateforme d'emailing des abonnés aux box fromage;HubSpot;Fromage & Co SA;612100;EUR;2025-09-01;enabled;;nadia.lemaire@fromage-co.com;isabelle.moreau@fromage-co.com;CRM;Abonnements SaaS;;Récurrent;FR-BOU-310;run;;24000;24500;26000;;26000;;;
Boutiques — connectivité 4G de secours;Routeurs 4G et abonnements de secours des boutiques;Orange Business;Fromage & Co SA;616100;EUR;2024-01-01;enabled;;nadia.lemaire@fromage-co.com;isabelle.moreau@fromage-co.com;Network;Télécoms et réseau;;Récurrent;FR-BOU-310;run;;18000;17500;19000;;19000;;;
Boutiques — maintenance des caisses et imprimantes;Maintenance sur site du matériel de caisse et des imprimantes d'étiquettes;;Fromage & Co SA;615100;EUR;2023-01-01;enabled;;nadia.lemaire@fromage-co.com;isabelle.moreau@fromage-co.com;Retail;Matériel;;Récurrent;FR-BOU-310;run;;30000;31000;33000;;33000;33500;;
E-commerce — UX research et tests utilisateurs;Tests utilisateurs du parcours d'abonnement;;Fromage & Co SA;622100;EUR;2026-01-01;enabled;;amelie.rousseau@fromage-co.com;isabelle.moreau@fromage-co.com;E-commerce;Conseil et audit;REF-ECOM-CDC;Non récurrent;FR-BOU-100;build;;;;28000;;28000;;;
E-commerce — photos et contenus produits;Prises de vue et fiches produit du site marchand;;Fromage & Co SA;622100;EUR;2026-01-01;enabled;;amelie.rousseau@fromage-co.com;isabelle.moreau@fromage-co.com;E-commerce;Conseil et audit;;Non récurrent;FR-BOU-100;build;;;;22000;;25500;;;
Formaggio — software punti vendita;Caisses des boutiques italiennes, licences et maintenance;Cegid;Formaggio Supremo SRL;6502;EUR;2023-01-01;enabled;;luca.ferrari@formaggio-supremo.it;isabelle.moreau@fromage-co.com;Retail;Licences et maintenance;;Récurrent;IT-BOU-310;run;;28500;29500;31000;;31000;;;
Formaggio — connettività TIM;Liaisons des boutiques et de l'usine de Parme;TIM Business;Formaggio Supremo SRL;6602;EUR;2023-01-01;enabled;;luca.ferrari@formaggio-supremo.it;isabelle.moreau@fromage-co.com;Network;Télécoms et réseau;;Récurrent;IT-BOU-310;run;;16500;17000;17000;;17000;17500;;
Formaggio — assistenza IT;Infogérance locale du poste de travail et des boutiques;DevHouse Milano;Formaggio Supremo SRL;6601;EUR;2024-01-01;enabled;;luca.ferrari@formaggio-supremo.it;isabelle.moreau@fromage-co.com;Managed Services;Infogérance;;Récurrent;IT-BOU-310;run;;44500;45500;46000;;46000;;;
US e-commerce — Shopify Plus;Site marchand américain, abonnement et frais de plateforme;Shopify;Fromage & Co Inc.;7110;USD;2025-03-01;enabled;;mike.johnson@fromage-co.com;isabelle.moreau@fromage-co.com;E-commerce;Abonnements SaaS;;Récurrent;US-BOU-310;run;;45000;46000;48000;;52000;;;
US e-commerce — AWS hosting;Hébergement des services de commande et de logistique US;;Fromage & Co Inc.;7130;USD;2025-03-01;enabled;;mike.johnson@fromage-co.com;isabelle.moreau@fromage-co.com;Infrastructure;Cloud et hébergement;;Récurrent;US-BOU-310;run;;33000;34000;36000;;39500;;;
US — Verizon connectivity;Liaisons des bureaux et de l'entrepôt US;Verizon Business;Fromage & Co Inc.;7220;USD;2024-01-01;enabled;;mike.johnson@fromage-co.com;isabelle.moreau@fromage-co.com;Network;Télécoms et réseau;;Récurrent;US-BOU-310;run;;19000;19000;21000;;21000;21500;;
Paris DC — colocation et énergie;Colocation, énergie et maintenance du centre de données de Paris;;Fromage & Co SA;616200;EUR;2022-01-01;enabled;;marc.petit@fromage-co.com;thomas.berger@fromage-co.com;Infrastructure;Cloud et hébergement;;Récurrent;FR-TRV-400;run;;201000;201500;210000;;216500;;;
Veeam Backup & Replication;Sauvegarde des environnements virtualisés, licences et support;Veeam;Fromage & Co SA;612200;EUR;2024-01-01;enabled;;marc.petit@fromage-co.com;thomas.berger@fromage-co.com;Infrastructure;Licences et maintenance;;Récurrent;FR-TRV-400;run;;34500;34500;38000;;38000;;;
Cisco Meraki — réseau des sites;Réseau et Wi-Fi des usines, caves et bureaux, licences cloud;Cisco;Fromage & Co SA;616100;EUR;2024-01-01;enabled;;marc.petit@fromage-co.com;thomas.berger@fromage-co.com;Network;Licences et maintenance;;Récurrent;FR-TRV-400;run;;65000;63500;72000;;72000;74000;;
Orange Business — WAN groupe;Réseau étendu des sites français et interconnexion des filiales;Orange Business;Fromage & Co SA;616100;EUR;2023-01-01;enabled;;marc.petit@fromage-co.com;thomas.berger@fromage-co.com;Network;Télécoms et réseau;;Récurrent;FR-TRV-400;run;;153000;152000;165000;;161500;167000;;
Serveurs et stockage — maintenance constructeur;Extensions de garantie et support des hôtes et baies;Dell Technologies;Fromage & Co SA;615100;EUR;2023-01-01;enabled;;marc.petit@fromage-co.com;thomas.berger@fromage-co.com;Infrastructure;Matériel;;Récurrent;FR-TRV-400;run;;42500;43000;46000;;46000;47000;;
Azure — consommation data;Hébergement de la plateforme data et des traitements;Microsoft;Fromage & Co SA;613100;EUR;2025-01-01;enabled;;marc.petit@fromage-co.com;thomas.berger@fromage-co.com;Analytics;Cloud et hébergement;REF-DATA;Récurrent;FR-TRV-400;run;;90500;88500;95000;;106500;95500;;
Snowflake;Entrepôt de données groupe, consommation;Snowflake;Fromage & Co SA;613300;EUR;2025-09-01;enabled;;maria.casanova@fromage-co.com;thomas.berger@fromage-co.com;Analytics;Abonnements SaaS;REF-DATA;Récurrent;FR-TRV-700;run;;77500;80000;84000;;101000;85000;;
Talend Data Integration;Intégration de données, licences et support;;Fromage & Co SA;613300;EUR;2023-01-01;enabled;;maria.casanova@fromage-co.com;thomas.berger@fromage-co.com;Analytics;Licences et maintenance;REF-DATA;Récurrent;FR-TRV-700;run;;40500;40000;42000;;42000;43000;;
Power BI Premium;Capacité Premium pour les tableaux de bord groupe;Microsoft;Fromage & Co SA;612100;EUR;2024-01-01;enabled;;maria.casanova@fromage-co.com;thomas.berger@fromage-co.com;Analytics;Abonnements SaaS;REF-DATA;Récurrent;FR-TRV-700;run;;57000;57500;60000;;60000;62000;;
Postes de travail — location;Location des ordinateurs portables et fixes du groupe (parc France);Lenovo;Fromage & Co SA;615100;EUR;2023-01-01;enabled;;olivier.garnier@fromage-co.com;thomas.berger@fromage-co.com;Workplace;Matériel;;Récurrent;FR-TRV-500;run;;169500;169500;186000;;186000;;;
Impression — contrat de pages;Copieurs et imprimantes des sites, coût à la page;;Fromage & Co SA;615100;EUR;2022-01-01;enabled;;olivier.garnier@fromage-co.com;thomas.berger@fromage-co.com;Workplace;Matériel;;Récurrent;FR-TRV-500;run;;32500;33500;34000;;31500;;;
Téléphonie mobile;Abonnements mobiles des collaborateurs France;Orange Business;Fromage & Co SA;616100;EUR;2023-01-01;enabled;;olivier.garnier@fromage-co.com;thomas.berger@fromage-co.com;Workplace;Télécoms et réseau;;Récurrent;FR-TRV-500;run;;92500;91000;98000;;98000;97500;;
Centre de services — infogérance de niveau 1;Accueil téléphonique et traitement de niveau 1 des demandes;Axians;Fromage & Co SA;615100;EUR;2024-01-01;enabled;;olivier.garnier@fromage-co.com;thomas.berger@fromage-co.com;ITSM;Infogérance;;Récurrent;FR-TRV-500;run;;123500;126000;132000;;132000;129500;;
Adobe Creative Cloud;Licences création pour le marketing et le e-commerce;Adobe;Fromage & Co SA;612100;EUR;2024-01-01;enabled;;olivier.garnier@fromage-co.com;thomas.berger@fromage-co.com;Workplace;Abonnements SaaS;;Récurrent;FR-TRV-500;run;;21500;21000;24000;;24000;;;
Atlassian Cloud (Jira, Confluence);Outils de gestion de projet et de documentation;Atlassian;Fromage & Co SA;612100;EUR;2023-01-01;enabled;;olivier.garnier@fromage-co.com;thomas.berger@fromage-co.com;Productivity;Abonnements SaaS;;Récurrent;FR-TRV-500;run;;48000;47500;52000;;52000;;;
Lotus Notes — support de fin de vie;Support éditeur résiduel jusqu'au décommissionnement;;Fromage & Co SA;615100;EUR;2022-01-01;enabled;2026-12-31;olivier.garnier@fromage-co.com;thomas.berger@fromage-co.com;Productivity;Licences et maintenance;;Récurrent;FR-TRV-500;run;Fin de validité 2026-12-31;14500;14000;15000;;15000;15500;;
Legacy HR System (PeopleSoft) — maintenance;Maintenance du SIRH historique jusqu'à la bascule Workday;;Fromage & Co SA;615100;EUR;2020-01-01;enabled;2026-12-31;olivier.garnier@fromage-co.com;thomas.berger@fromage-co.com;HR;Licences et maintenance;;Récurrent;FR-TRV-500;run;Fin de validité 2026-12-31;56500;56500;62000;;62000;63000;;
Old Intranet — hébergement;Hébergement de l'intranet historique, arrêté en juin 2026;;Fromage & Co SA;613100;EUR;2019-01-01;disabled;2026-06-30;olivier.garnier@fromage-co.com;thomas.berger@fromage-co.com;Productivity;Cloud et hébergement;;Récurrent;FR-TRV-500;run;Fin de validité 2026-06-30;8500;8500;9000;;4500;;;
Tenable.io;Gestion des vulnérabilités, abonnement;;Fromage & Co SA;613200;EUR;2024-01-01;enabled;;ines.chevalier@fromage-co.com;thomas.berger@fromage-co.com;Security;Abonnements SaaS;REF-SECU-ZT;Récurrent;FR-TRV-600;run;;34500;35500;36000;;36000;;;
SOC externalisé;Surveillance 24/7 et réponse à incident;Axians;Fromage & Co SA;613200;EUR;2025-01-01;enabled;;ines.chevalier@fromage-co.com;thomas.berger@fromage-co.com;Security;Infogérance;;Récurrent;FR-TRV-600;run;;134000;131000;144000;;144000;146500;;
Sensibilisation phishing;Campagnes de sensibilisation et plateforme d'entraînement;;Fromage & Co SA;612100;EUR;2025-01-01;enabled;;ines.chevalier@fromage-co.com;thomas.berger@fromage-co.com;Security;Abonnements SaaS;;Récurrent;FR-TRV-600;run;;17500;17500;18000;;18000;18000;;
Tests d'intrusion annuels;Tests d'intrusion externes et internes, deux campagnes;;Fromage & Co SA;622100;EUR;2024-01-01;enabled;;ines.chevalier@fromage-co.com;thomas.berger@fromage-co.com;Security;Conseil et audit;REF-SECU-ZT;Non récurrent;FR-TRV-600;build;;40500;42000;45000;;45000;44500;;
Certificats et PKI;Certificats TLS, signature de code et PKI interne;DocuSign;Fromage & Co SA;613200;EUR;2023-01-01;enabled;;ines.chevalier@fromage-co.com;thomas.berger@fromage-co.com;Security;Abonnements SaaS;;Récurrent;FR-TRV-600;run;;11500;11500;12000;;12000;12500;;
Cabinet de conseil — schéma directeur;Accompagnement du schéma directeur SI 2027-2030;;Fromage & Co SA;622100;EUR;2026-01-01;enabled;;maria.casanova@fromage-co.com;thomas.berger@fromage-co.com;General;Conseil et audit;;Non récurrent;FR-TRV-700;build;;;;90000;;99000;;;
Audit des licences;Revue annuelle des droits d'usage éditeurs;;Fromage & Co SA;622100;EUR;2024-01-01;enabled;;maria.casanova@fromage-co.com;thomas.berger@fromage-co.com;General;Conseil et audit;;Non récurrent;FR-TRV-700;run;;23000;23500;25000;;25000;;;
Veille et abonnements analystes;Abonnements d'études et de veille technologique;;Fromage & Co SA;625100;EUR;2023-01-01;enabled;;maria.casanova@fromage-co.com;thomas.berger@fromage-co.com;General;Frais et déplacements;;Récurrent;FR-TRV-700;run;;25500;26000;28000;;28000;;;
Recrutement IT;Honoraires de cabinets pour les recrutements de la DSI;;Fromage & Co SA;622100;EUR;2024-01-01;enabled;;maria.casanova@fromage-co.com;thomas.berger@fromage-co.com;General;Conseil et audit;;Non récurrent;FR-TRV-700;run;;36500;37500;40000;;52000;;;
Régie · Chef de projet EDI · DIS-100;Chef de projet EDI en assistance technique : 1 personne × 850 EUR par jour, calendrier CAD218;Fromatech Consulting;Fromage & Co SA;621100;EUR;2025-01-01;enabled;;clara.dupont@fromage-co.com;isabelle.moreau@fromage-co.com;Professional Services;Assistance technique;;Non récurrent;FR-DIS-100;build;;163500;167000;185300;;185300;;;
Régie · Business analyst ventes · DIS-100;Business analyst ventes en assistance technique : 1 personne × 720 EUR par jour, calendrier CAD218;Fromatech Consulting;Fromage & Co SA;621100;EUR;2025-01-01;enabled;;clara.dupont@fromage-co.com;isabelle.moreau@fromage-co.com;Professional Services;Assistance technique;;Non récurrent;FR-DIS-100;build;;146500;144500;156960;;156960;;;
Régie · Développeur senior SAP SD · DIS-200;Développeur senior SAP SD en assistance technique : 1 personne × 790 EUR par jour, calendrier CAD218;Fromatech Consulting;Fromage & Co SA;621100;EUR;2025-01-01;enabled;;lucas.bernard@fromage-co.com;isabelle.moreau@fromage-co.com;Professional Services;Centre de compétences;REF-SAP-S4;Non récurrent;FR-DIS-200;build;;165500;168000;172220;;172220;;;
Régie · Développeur SAP MM · DIS-200;Développeur SAP MM en assistance technique : 2 personnes × 480 EUR par jour, calendrier CAD218;Nearshore Digital Lisboa;Fromage & Co SA;621100;EUR;2025-01-01;enabled;;lucas.bernard@fromage-co.com;isabelle.moreau@fromage-co.com;Professional Services;Centre de compétences;REF-SAP-S4;Non récurrent;FR-DIS-200;build;;178000;182000;209280;;209280;;;
Régie · Architecte intégration · DIS-200;Architecte intégration en assistance technique : 1 personne × 950 EUR par jour, calendrier CAD218;Fromatech Consulting;Fromage & Co SA;621100;EUR;2025-01-01;enabled;;lucas.bernard@fromage-co.com;isabelle.moreau@fromage-co.com;Professional Services;Assistance technique;;Non récurrent;FR-DIS-200;build;;175000;172500;189810;;155325;;;
Régie · Développeur portail B2B · DIS-200;Développeur portail B2B en assistance technique : 1 personne × 460 EUR par jour, calendrier CAD218;Nearshore Digital Lisboa;Fromage & Co SA;621100;EUR;2025-01-01;enabled;;lucas.bernard@fromage-co.com;isabelle.moreau@fromage-co.com;Professional Services;Assistance technique;;Non récurrent;FR-DIS-200;build;;88500;89000;100280;;100280;;;
Régie · Administrateur SAP Basis · DIS-300;Administrateur SAP Basis en assistance technique : 1 personne × 820 EUR par jour, calendrier CAD218;Fromatech Consulting;Fromage & Co SA;621100;EUR;2025-01-01;enabled;;pierre.martin@fromage-co.com;isabelle.moreau@fromage-co.com;Professional Services;Assistance technique;REF-SAP-S4;Non récurrent;FR-DIS-300;run;;167000;171000;178760;;178760;;;
Régie · Analyste support applicatif · DIS-300;Analyste support applicatif en assistance technique : 1 personne × 410 EUR par jour, calendrier CAD218;Nearshore Digital Lisboa;Fromage & Co SA;621100;EUR;2025-01-01;enabled;;pierre.martin@fromage-co.com;isabelle.moreau@fromage-co.com;Professional Services;Assistance technique;;Non récurrent;FR-DIS-300;run;;80000;79000;89380;;89380;;;
Régie · Applicatiebeheerder Sage X3 · DIS-300;Applicatiebeheerder Sage X3 en assistance technique : 1 personne × 690 EUR par jour, calendrier NL;Benelux IT Partners;Kaasmeester BV;47100;EUR;2025-01-01;enabled;;jan.bakker@kaasmeester.nl;isabelle.moreau@fromage-co.com;Professional Services;Assistance technique;;Non récurrent;NL-DIS-300;run;;150500;147500;173880;;173880;;;
Régie · Projectleider WMS · DIS-300;Projectleider WMS en assistance technique : 1 personne × 820 EUR par jour, calendrier NL;Benelux IT Partners;Kaasmeester BV;47100;EUR;2025-01-01;enabled;;jan.bakker@kaasmeester.nl;isabelle.moreau@fromage-co.com;Professional Services;Assistance technique;;Non récurrent;NL-DIS-300;build;;133000;133000;154160;;154160;;;
Régie · Product owner e-commerce · BOU-100;Product owner e-commerce en assistance technique : 1 personne × 880 EUR par jour, calendrier CAD218;Fromatech Consulting;Fromage & Co SA;621100;EUR;2025-01-01;enabled;;amelie.rousseau@fromage-co.com;isabelle.moreau@fromage-co.com;Professional Services;Centre de compétences;REF-ECOM-CDC;Non récurrent;FR-BOU-100;build;;177500;181000;191840;;191840;;;
Régie · Développeur front e-commerce · BOU-100;Développeur front e-commerce en assistance technique : 2 personnes × 470 EUR par jour, calendrier CAD218;Nearshore Digital Lisboa;Fromage & Co SA;621100;EUR;2025-01-01;enabled;;amelie.rousseau@fromage-co.com;isabelle.moreau@fromage-co.com;Professional Services;Centre de compétences;REF-ECOM-CDC;Non récurrent;FR-BOU-100;build;;197500;202500;204920;;204920;;;
Régie · Développeur back e-commerce · BOU-100;Développeur back e-commerce en assistance technique : 2 personnes × 490 EUR par jour, calendrier CAD218;Nearshore Digital Lisboa;Fromage & Co SA;621100;EUR;2025-01-01;enabled;;amelie.rousseau@fromage-co.com;isabelle.moreau@fromage-co.com;Professional Services;Centre de compétences;REF-ECOM-CDC;Non récurrent;FR-BOU-100;build;;205500;203000;213640;;213640;;;
Régie · Développeur mobile · BOU-100;Développeur mobile en assistance technique : 1 personne × 560 EUR par jour, calendrier CAD218;DevHouse Milano;Fromage & Co SA;621100;EUR;2025-01-01;enabled;;amelie.rousseau@fromage-co.com;isabelle.moreau@fromage-co.com;Professional Services;Centre de compétences;REF-ECOM-CDC;Non récurrent;FR-BOU-100;build;;74500;73500;81368;;81368;;;
Régie · UX designer · BOU-100;UX designer en assistance technique : 1 personne × 760 EUR par jour, calendrier CAD218;Fromatech Consulting;Fromage & Co SA;621100;EUR;2025-01-01;enabled;;amelie.rousseau@fromage-co.com;isabelle.moreau@fromage-co.com;Professional Services;Assistance technique;REF-ECOM-CDC;Non récurrent;FR-BOU-100;build;;70500;71000;80864;;138016;;;
Régie · Ingénieur DevOps e-commerce · BOU-310;Ingénieur DevOps e-commerce en assistance technique : 1 personne × 840 EUR par jour, calendrier CAD218;Fromatech Consulting;Fromage & Co SA;621100;EUR;2025-01-01;enabled;;nadia.lemaire@fromage-co.com;isabelle.moreau@fromage-co.com;Professional Services;Centre de compétences;REF-ECOM-CDC;Non récurrent;FR-BOU-310;run;;176500;179000;183120;;183120;;;
Régie · Support caisses niveau 2 · BOU-310;Support caisses niveau 2 en assistance technique : 1 personne × 580 EUR par jour, calendrier CAD218;Fromatech Consulting;Fromage & Co SA;621100;EUR;2025-01-01;enabled;;nadia.lemaire@fromage-co.com;isabelle.moreau@fromage-co.com;Professional Services;Assistance technique;;Non récurrent;FR-BOU-310;run;;117000;117000;126440;;126440;;;
Régie · Analyste exploitation e-commerce · BOU-310;Analyste exploitation e-commerce en assistance technique : 1 personne × 430 EUR par jour, calendrier CAD218;Nearshore Digital Lisboa;Fromage & Co SA;621100;EUR;2025-01-01;enabled;;nadia.lemaire@fromage-co.com;isabelle.moreau@fromage-co.com;Professional Services;Assistance technique;REF-ECOM-CDC;Non récurrent;FR-BOU-310;run;;88500;90000;93740;;93740;;;
Régie · Administrateur plateforme paiement · BOU-310;Administrateur plateforme paiement en assistance technique : 1 personne × 700 EUR par jour, calendrier CAD218;Fromatech Consulting;Fromage & Co SA;621100;EUR;2025-01-01;enabled;;nadia.lemaire@fromage-co.com;isabelle.moreau@fromage-co.com;Professional Services;Assistance technique;REF-ECOM-CDC;Non récurrent;FR-BOU-310;run;;71500;70000;78120;;91420;;;
Régie · Sistemista punti vendita · BOU-310;Sistemista punti vendita en assistance technique : 1 personne × 520 EUR par jour, calendrier IT;DevHouse Milano;Formaggio Supremo SRL;6701;EUR;2025-01-01;enabled;;luca.ferrari@formaggio-supremo.it;isabelle.moreau@fromage-co.com;Professional Services;Assistance technique;;Non récurrent;IT-BOU-310;run;;114500;111500;131040;;131040;;;
Régie · Sviluppatore integrazioni · BOU-310;Sviluppatore integrazioni en assistance technique : 1 personne × 540 EUR par jour, calendrier IT;DevHouse Milano;Formaggio Supremo SRL;6701;EUR;2025-01-01;enabled;;luca.ferrari@formaggio-supremo.it;isabelle.moreau@fromage-co.com;Professional Services;Assistance technique;;Non récurrent;IT-BOU-310;build;;97000;95000;113940;;113940;;;
Régie · E-commerce engineer · BOU-310;E-commerce engineer en assistance technique : 1 personne × 900 USD par jour, calendrier US;Atlantic IT Solutions;Fromage & Co Inc.;7310;USD;2025-01-01;enabled;;mike.johnson@fromage-co.com;isabelle.moreau@fromage-co.com;Professional Services;Assistance technique;;Non récurrent;US-BOU-310;build;;196000;197500;226800;;226800;;;
Régie · Site reliability engineer · BOU-310;Site reliability engineer en assistance technique : 1 personne × 950 USD par jour, calendrier US;Atlantic IT Solutions;Fromage & Co Inc.;7310;USD;2025-01-01;enabled;;mike.johnson@fromage-co.com;isabelle.moreau@fromage-co.com;Professional Services;Assistance technique;;Non récurrent;US-BOU-310;run;;212000;207000;239400;;239400;;;
Régie · Ingénieur système Windows · TRV-400;Ingénieur système Windows en assistance technique : 1 personne × 650 EUR par jour, calendrier CAD218;Fromatech Consulting;Fromage & Co SA;621100;EUR;2025-01-01;enabled;;marc.petit@fromage-co.com;thomas.berger@fromage-co.com;Professional Services;Assistance technique;;Non récurrent;FR-TRV-400;run;;127500;125000;141700;;141700;;;
Régie · Ingénieur système Linux · TRV-400;Ingénieur système Linux en assistance technique : 1 personne × 680 EUR par jour, calendrier CAD218;Fromatech Consulting;Fromage & Co SA;621100;EUR;2025-01-01;enabled;;marc.petit@fromage-co.com;thomas.berger@fromage-co.com;Professional Services;Assistance technique;;Non récurrent;FR-TRV-400;run;;135500;135000;148240;;148240;;;
Régie · Ingénieur réseau · TRV-400;Ingénieur réseau en assistance technique : 1 personne × 720 EUR par jour, calendrier CAD218;Alpine Data Experts;Fromage & Co SA;621100;EUR;2025-01-01;enabled;;marc.petit@fromage-co.com;thomas.berger@fromage-co.com;Professional Services;Assistance technique;;Non récurrent;FR-TRV-400;run;;143000;143000;156960;;156960;;;
Régie · Ingénieur cloud Azure · TRV-400;Ingénieur cloud Azure en assistance technique : 1 personne × 820 EUR par jour, calendrier CAD218;Alpine Data Experts;Fromage & Co SA;621100;EUR;2025-01-01;enabled;;marc.petit@fromage-co.com;thomas.berger@fromage-co.com;Professional Services;Assistance technique;REF-DATA;Non récurrent;FR-TRV-400;build;;160000;156000;178760;;178760;;;
Régie · Chef de projet refonte DC · TRV-400;Chef de projet refonte DC en assistance technique : 1 personne × 860 EUR par jour, calendrier CAD218;Alpine Data Experts;Fromage & Co SA;621100;EUR;2025-01-01;enabled;;marc.petit@fromage-co.com;thomas.berger@fromage-co.com;Professional Services;Assistance technique;;Non récurrent;FR-TRV-400;build;;171000;174000;187480;;187480;;;
Régie · Technicien support de proximité Paris · TRV-500;Technicien support de proximité Paris en assistance technique : 2 personnes × 380 EUR par jour, calendrier CAD218;Axians;Fromage & Co SA;621100;EUR;2025-01-01;enabled;;olivier.garnier@fromage-co.com;thomas.berger@fromage-co.com;Professional Services;Assistance technique;;Non récurrent;FR-TRV-500;run;;147500;145000;165680;;165680;;;
Régie · Technicien support de proximité usines · TRV-500;Technicien support de proximité usines en assistance technique : 1 personne × 380 EUR par jour, calendrier CAD218;Axians;Fromage & Co SA;621100;EUR;2025-01-01;enabled;;olivier.garnier@fromage-co.com;thomas.berger@fromage-co.com;Professional Services;Assistance technique;;Non récurrent;FR-TRV-500;run;;71500;70000;82840;;82840;;;
Régie · Administrateur M365 · TRV-500;Administrateur M365 en assistance technique : 1 personne × 620 EUR par jour, calendrier CAD218;Fromatech Consulting;Fromage & Co SA;621100;EUR;2025-01-01;enabled;;olivier.garnier@fromage-co.com;thomas.berger@fromage-co.com;Professional Services;Assistance technique;;Non récurrent;FR-TRV-500;run;;120000;118500;135160;;135160;;;
Régie · Chef de projet Workday · TRV-500;Chef de projet Workday en assistance technique : 1 personne × 880 EUR par jour, calendrier CAD218;Alpine Data Experts;Fromage & Co SA;621100;EUR;2025-01-01;enabled;;olivier.garnier@fromage-co.com;thomas.berger@fromage-co.com;Professional Services;Assistance technique;;Non récurrent;FR-TRV-500;build;;180000;178500;191840;;191840;;;
Régie · Consultant Workday paie · TRV-500;Consultant Workday paie en assistance technique : 1 personne × 1050 EUR par jour, calendrier CAD218;Alpine Data Experts;Fromage & Co SA;621100;EUR;2025-01-01;enabled;;olivier.garnier@fromage-co.com;thomas.berger@fromage-co.com;Professional Services;Assistance technique;;Non récurrent;FR-TRV-500;build;;152000;153000;170730;;228900;;;
Régie · Analyste SOC interne · TRV-600;Analyste SOC interne en assistance technique : 1 personne × 700 EUR par jour, calendrier CAD218;Fromatech Consulting;Fromage & Co SA;621100;EUR;2025-01-01;enabled;;ines.chevalier@fromage-co.com;thomas.berger@fromage-co.com;Professional Services;Assistance technique;REF-SECU-ZT;Non récurrent;FR-TRV-600;run;;130000;127000;152600;;152600;;;
Régie · Ingénieur sécurité réseau · TRV-600;Ingénieur sécurité réseau en assistance technique : 1 personne × 820 EUR par jour, calendrier CAD218;Alpine Data Experts;Fromage & Co SA;621100;EUR;2025-01-01;enabled;;ines.chevalier@fromage-co.com;thomas.berger@fromage-co.com;Professional Services;Assistance technique;REF-SECU-ZT;Non récurrent;FR-TRV-600;build;;154500;157500;178760;;178760;;;
Régie · Consultant IAM · TRV-600;Consultant IAM en assistance technique : 1 personne × 900 EUR par jour, calendrier CAD218;Fromatech Consulting;Fromage & Co SA;621100;EUR;2025-01-01;enabled;;ines.chevalier@fromage-co.com;thomas.berger@fromage-co.com;Professional Services;Assistance technique;REF-SECU-ZT;Non récurrent;FR-TRV-600;build;;125500;124000;147060;;147060;;;
Régie · Data engineer · TRV-700;Data engineer en assistance technique : 1 personne × 760 EUR par jour, calendrier CAD218;Alpine Data Experts;Fromage & Co SA;621100;EUR;2025-01-01;enabled;;maria.casanova@fromage-co.com;thomas.berger@fromage-co.com;Professional Services;Centre de compétences;REF-DATA;Non récurrent;FR-TRV-700;build;;149000;147500;165680;;165680;;;
Régie · Data analyst · TRV-700;Data analyst en assistance technique : 1 personne × 440 EUR par jour, calendrier CAD218;Nearshore Digital Lisboa;Fromage & Co SA;621100;EUR;2025-01-01;enabled;;maria.casanova@fromage-co.com;thomas.berger@fromage-co.com;Professional Services;Centre de compétences;REF-DATA;Non récurrent;FR-TRV-700;run;;85000;87500;95920;;95920;;;
Régie · Contrôleur de gestion IT en renfort · TRV-700;Contrôleur de gestion IT en renfort en assistance technique : 1 personne × 700 EUR par jour, calendrier CAD218;Alpine Data Experts;Fromage & Co SA;621100;EUR;2025-01-01;enabled;;maria.casanova@fromage-co.com;thomas.berger@fromage-co.com;Professional Services;Assistance technique;;Non récurrent;FR-TRV-700;run;;69500;68500;74480;;100520;;;
